signal,enter_date,year,month,enter_time,enter_price,exit_date,exit_time,exit_price,profit,profit_pct,capital_return,holding_bars,holding_minutes,percent
SHORT_EMA_CROSS,2015-06-19,2015,6,12:30:00,28.39,2015-06-19,15:45:00,28.31,0.08,0.002818,0.000681,13,195.0,24.17
LONG_EMA_CROSS,2015-06-22,2015,6,12:00:00,28.62,2015-06-22,15:45:00,28.58,-0.04,-0.001398,-0.000304,15,225.0,21.73
SHORT_EMA_CROSS,2015-06-23,2015,6,11:30:00,28.48,2015-06-23,15:45:00,28.45,0.03,0.001053,0.000236,17,255.0,22.45
LONG_EMA_CROSS,2015-06-24,2015,6,10:00:00,28.82,2015-06-24,15:45:00,28.7,-0.12,-0.004164,-0.001233,23,345.0,29.62
SHORT_EMA_CROSS,2015-06-25,2015,6,15:45:00,28.56,2015-06-26,15:45:00,28.39,0.17,0.005952,0.001286,26,1440.0,21.61
LONG_EMA_CROSS,2015-07-01,2015,7,12:15:00,28.28,2015-07-01,15:45:00,28.35,0.07,0.002475,0.000495,14,210.0,20.0
SHORT_EMA_CROSS,2015-07-02,2015,7,13:15:00,28.22,2015-07-02,15:15:00,28.31,-0.09,-0.003189,-0.000676,8,120.0,21.21
LONG_EMA_CROSS,2015-07-02,2015,7,15:15:00,28.31,2015-07-02,15:45:00,28.31,0.0,0.0,0.0,2,30.0,20.4
SHORT_EMA_CROSS,2015-07-06,2015,7,10:00:00,28.18,2015-07-06,15:45:00,28.22,-0.04,-0.001419,-0.000312,23,345.0,22.01
LONG_EMA_CROSS,2015-07-13,2015,7,09:45:00,27.89,2015-07-13,15:45:00,28.14,0.25,0.008964,0.002874,24,360.0,32.06
SHORT_EMA_CROSS,2015-07-22,2015,7,10:00:00,27.83,2015-07-22,15:45:00,28.05,-0.22,-0.007905,-0.001867,23,345.0,23.62
LONG_EMA_CROSS,2015-08-10,2015,8,10:00:00,26.53,2015-08-10,15:45:00,26.93,0.4,0.015077,0.003076,23,345.0,20.4
SHORT_EMA_CROSS,2015-08-11,2015,8,13:00:00,25.73,2015-08-11,15:45:00,25.53,0.2,0.007773,0.001586,11,165.0,20.4
LONG_EMA_CROSS,2015-08-13,2015,8,12:30:00,26.04,2015-08-13,15:45:00,25.91,-0.13,-0.004992,-0.001038,13,195.0,20.8
SHORT_EMA_CROSS,2015-08-14,2015,8,13:00:00,25.91,2015-08-14,14:15:00,25.98,-0.07,-0.002702,-0.00054,5,75.0,20.0
LONG_EMA_CROSS,2015-08-14,2015,8,14:15:00,25.98,2015-08-14,15:45:00,26.09,0.11,0.004234,0.000932,6,90.0,22.01
SHORT_EMA_CROSS,2015-08-19,2015,8,10:45:00,25.93,2015-08-19,15:45:00,25.88,0.05,0.001928,0.000386,20,300.0,20.0
LONG_EMA_CROSS,2015-08-27,2015,8,09:45:00,24.98,2015-08-27,15:45:00,25.41,0.43,0.017214,0.004135,24,360.0,24.02
SHORT_EMA_CROSS,2015-09-01,2015,9,12:00:00,24.96,2015-09-01,15:45:00,24.24,0.72,0.028846,0.005885,15,225.0,20.4
LONG_EMA_CROSS,2015-09-03,2015,9,10:15:00,25.24,2015-09-03,15:30:00,24.81,-0.43,-0.017036,-0.003475,21,315.0,20.4
SHORT_EMA_CROSS,2015-09-03,2015,9,15:30:00,24.81,2015-09-03,15:45:00,24.82,-0.01,-0.000403,-8.2e-05,1,15.0,20.4
LONG_EMA_CROSS,2015-09-08,2015,9,11:15:00,25.16,2015-09-08,15:45:00,25.27,0.11,0.004372,0.001085,18,270.0,24.82
SHORT_EMA_CROSS,2015-09-17,2015,9,14:15:00,25.9,2015-09-17,15:00:00,25.97,-0.07,-0.002703,-0.000551,3,45.0,20.4
LONG_EMA_CROSS,2015-09-17,2015,9,15:00:00,25.97,2015-09-17,15:15:00,25.9,-0.07,-0.002695,-0.00055,1,15.0,20.4
SHORT_EMA_CROSS,2015-09-17,2015,9,15:15:00,25.9,2015-09-17,15:45:00,25.63,0.27,0.010425,0.002085,2,30.0,20.0
LONG_EMA_CROSS,2015-09-21,2015,9,15:45:00,25.92,2015-09-22,10:00:00,25.58,-0.34,-0.013117,-0.002676,3,1095.0,20.4
SHORT_EMA_CROSS,2015-09-22,2015,9,10:00:00,25.58,2015-09-22,15:45:00,25.51,0.07,0.002737,0.000668,23,345.0,24.42
LONG_EMA_CROSS,2015-09-23,2015,9,15:00:00,25.7,2015-09-23,15:45:00,25.72,0.02,0.000778,0.000159,3,45.0,20.4
SHORT_EMA_CROSS,2015-09-24,2015,9,10:15:00,25.39,2015-09-24,15:00:00,25.84,-0.45,-0.017724,-0.004543,19,285.0,25.63
LONG_EMA_CROSS,2015-09-24,2015,9,15:00:00,25.84,2015-09-24,15:45:00,25.87,0.03,0.001161,0.000274,3,45.0,23.62
SHORT_EMA_CROSS,2015-09-28,2015,9,11:00:00,25.55,2015-09-28,15:45:00,25.3,0.25,0.009785,0.002429,19,285.0,24.82
LONG_EMA_CROSS,2015-10-02,2015,10,15:30:00,24.88,2015-10-02,15:45:00,24.81,-0.07,-0.002814,-0.000676,1,15.0,24.02
SHORT_EMA_CROSS,2015-10-07,2015,10,13:15:00,24.75,2015-10-07,15:45:00,24.92,-0.17,-0.006869,-0.001374,10,150.0,20.0
SHORT_EMA_CROSS,2015-10-08,2015,10,09:45:00,24.53,2015-10-08,15:45:00,24.64,-0.11,-0.004484,-0.000951,24,360.0,21.21
LONG_EMA_CROSS,2015-10-09,2015,10,11:00:00,25.14,2015-10-09,15:45:00,25.22,0.08,0.003182,0.000854,19,285.0,26.83
SHORT_EMA_CROSS,2015-10-14,2015,10,10:45:00,24.8,2015-10-14,15:45:00,24.8,-0.0,-0.0,-0.0,20,300.0,27.64
LONG_EMA_CROSS,2015-10-15,2015,10,13:45:00,25.1,2015-10-15,15:45:00,25.16,0.06,0.00239,0.000478,8,120.0,20.0
SHORT_EMA_CROSS,2015-10-16,2015,10,14:15:00,24.91,2015-10-16,15:45:00,24.98,-0.07,-0.00281,-0.000619,6,90.0,22.01
LONG_EMA_CROSS,2015-10-19,2015,10,15:00:00,25.05,2015-10-19,15:45:00,25.14,0.09,0.003593,0.000762,3,45.0,21.21
SHORT_EMA_CROSS,2015-10-26,2015,10,14:15:00,25.9,2015-10-26,15:45:00,25.93,-0.03,-0.001158,-0.000353,6,90.0,30.45
LONG_EMA_CROSS,2015-10-28,2015,10,11:15:00,26.35,2015-10-28,15:45:00,26.84,0.49,0.018596,0.003944,18,270.0,21.21
SHORT_EMA_CROSS,2015-11-05,2015,11,12:30:00,27.28,2015-11-05,15:45:00,27.32,-0.04,-0.001466,-0.000299,13,195.0,20.4
LONG_EMA_CROSS,2015-11-18,2015,11,10:00:00,26.43,2015-11-18,15:45:00,26.5,0.07,0.002649,0.000956,23,345.0,36.08
SHORT_EMA_CROSS,2015-11-23,2015,11,15:00:00,26.66,2015-11-23,15:45:00,26.61,0.05,0.001875,0.00039,3,45.0,20.8
LONG_EMA_CROSS,2015-11-24,2015,11,12:30:00,26.86,2015-11-24,15:45:00,26.87,0.01,0.000372,7.9e-05,13,195.0,21.21
SHORT_EMA_CROSS,2015-11-25,2015,11,12:00:00,26.7,2015-11-25,15:45:00,26.67,0.03,0.001124,0.000234,15,225.0,20.8
LONG_EMA_CROSS,2015-11-30,2015,11,10:45:00,26.88,2015-11-30,15:45:00,26.73,-0.15,-0.00558,-0.001273,20,300.0,22.81
SHORT_EMA_CROSS,2015-12-01,2015,12,11:45:00,26.68,2015-12-01,15:45:00,26.51,0.17,0.006372,0.001274,16,240.0,20.0
LONG_EMA_CROSS,2015-12-04,2015,12,12:15:00,26.74,2015-12-04,15:45:00,26.89,0.15,0.00561,0.001979,14,210.0,35.28
SHORT_EMA_CROSS,2015-12-08,2015,12,15:00:00,26.65,2015-12-08,15:15:00,26.66,-0.01,-0.000375,-7.5e-05,1,15.0,20.0
LONG_EMA_CROSS,2015-12-08,2015,12,15:15:00,26.66,2015-12-08,15:45:00,26.72,0.06,0.002251,0.000486,2,30.0,21.61
SHORT_EMA_CROSS,2015-12-09,2015,12,10:00:00,26.49,2015-12-09,15:45:00,26.13,0.36,0.01359,0.003811,23,345.0,28.04
LONG_EMA_CROSS,2015-12-23,2015,12,10:45:00,24.51,2015-12-23,15:45:00,24.54,0.03,0.001224,0.000245,20,300.0,20.0
SHORT_EMA_CROSS,2015-12-28,2015,12,10:30:00,24.07,2015-12-28,15:45:00,24.14,-0.07,-0.002908,-0.000582,21,315.0,20.0
LONG_EMA_CROSS,2015-12-29,2015,12,12:45:00,24.52,2015-12-29,15:45:00,24.57,0.05,0.002039,0.000441,12,180.0,21.61
SHORT_EMA_CROSS,2015-12-30,2015,12,14:30:00,24.31,2015-12-30,15:45:00,24.25,0.06,0.002468,0.000513,5,75.0,20.8
LONG_EMA_CROSS,2016-01-12,2016,1,10:30:00,22.52,2016-01-12,15:45:00,22.59,0.07,0.003108,0.000622,21,315.0,20.0
SHORT_EMA_CROSS,2016-01-13,2016,1,15:30:00,22.14,2016-01-13,15:45:00,22.01,0.13,0.005872,0.001198,1,15.0,20.4
LONG_EMA_CROSS,2016-01-14,2016,1,15:15:00,22.62,2016-01-14,15:45:00,22.48,-0.14,-0.006189,-0.001287,2,30.0,20.8
SHORT_EMA_CROSS,2016-01-15,2016,1,10:00:00,21.87,2016-01-15,15:45:00,21.94,-0.07,-0.003201,-0.000743,23,345.0,23.22
LONG_EMA_CROSS,2016-01-21,2016,1,12:15:00,22.06,2016-01-21,15:45:00,21.76,-0.3,-0.013599,-0.002993,14,210.0,22.01
SHORT_EMA_CROSS,2016-01-27,2016,1,10:00:00,21.47,2016-01-27,15:45:00,21.11,0.36,0.016768,0.004298,23,345.0,25.63
LONG_EMA_CROSS,2016-01-29,2016,1,14:15:00,21.88,2016-01-29,15:45:00,21.95,0.07,0.003199,0.000679,6,90.0,21.21
SHORT_EMA_CROSS,2016-02-02,2016,2,12:00:00,21.51,2016-02-02,15:45:00,21.35,0.16,0.007438,0.001488,15,225.0,20.0
LONG_EMA_CROSS,2016-02-03,2016,2,15:45:00,21.77,2016-02-04,15:45:00,21.94,0.17,0.007809,0.001562,26,1440.0,20.0
SHORT_EMA_CROSS,2016-02-05,2016,2,13:45:00,21.52,2016-02-05,15:45:00,21.36,0.16,0.007435,0.001517,8,120.0,20.4
LONG_EMA_CROSS,2016-02-09,2016,2,15:00:00,21.71,2016-02-09,15:45:00,21.59,-0.12,-0.005527,-0.001261,3,45.0,22.81
SHORT_EMA_CROSS,2016-02-11,2016,2,10:00:00,21.4,2016-02-11,15:45:00,21.28,0.12,0.005607,0.001302,23,345.0,23.22
LONG_EMA_CROSS,2016-02-16,2016,2,10:15:00,21.59,2016-02-16,15:45:00,21.95,0.36,0.016674,0.003537,22,330.0,21.21
SHORT_EMA_CROSS,2016-02-19,2016,2,12:00:00,21.91,2016-02-19,15:45:00,21.82,0.09,0.004108,0.000822,15,225.0,20.0
LONG_EMA_CROSS,2016-02-25,2016,2,11:00:00,21.77,2016-02-25,15:45:00,21.98,0.21,0.009646,0.002123,19,285.0,22.01
SHORT_EMA_CROSS,2016-03-08,2016,3,10:00:00,22.93,2016-03-08,15:45:00,22.95,-0.02,-0.000872,-0.000174,23,345.0,20.0
LONG_EMA_CROSS,2016-03-11,2016,3,10:30:00,23.19,2016-03-11,15:45:00,23.23,0.04,0.001725,0.000345,21,315.0,20.0
SHORT_EMA_CROSS,2016-03-24,2016,3,09:45:00,24.0,2016-03-24,15:45:00,24.0,-0.0,-0.0,-0.0,24,360.0,20.0
LONG_EMA_CROSS,2016-03-29,2016,3,11:30:00,24.21,2016-03-29,15:45:00,24.46,0.25,0.010326,0.002148,17,255.0,20.8
SHORT_EMA_CROSS,2016-04-05,2016,4,15:30:00,24.95,2016-04-05,15:45:00,24.95,-0.0,-0.0,-0.0,1,15.0,20.4
LONG_EMA_CROSS,2016-04-07,2016,4,09:30:00,24.96,2016-04-07,10:00:00,24.93,-0.03,-0.001202,-0.000265,2,30.0,22.01
SHORT_EMA_CROSS,2016-04-07,2016,4,10:00:00,24.93,2016-04-07,15:45:00,24.66,0.27,0.01083,0.002253,23,345.0,20.8
LONG_EMA_CROSS,2016-04-11,2016,4,11:30:00,24.93,2016-04-11,15:45:00,24.77,-0.16,-0.006418,-0.001542,17,255.0,24.02
SHORT_EMA_CROSS,2016-04-15,2016,4,14:15:00,25.02,2016-04-15,15:45:00,24.95,0.07,0.002798,0.000751,6,90.0,26.83
LONG_EMA_CROSS,2016-05-03,2016,5,14:30:00,21.66,2016-05-03,15:45:00,21.62,-0.04,-0.001847,-0.000384,5,75.0,20.8
SHORT_EMA_CROSS,2016-05-04,2016,5,13:00:00,21.34,2016-05-04,15:45:00,21.4,-0.06,-0.002812,-0.000574,11,165.0,20.4
LONG_EMA_CROSS,2016-05-09,2016,5,12:30:00,21.29,2016-05-09,13:30:00,21.23,-0.06,-0.002818,-0.000575,4,60.0,20.4
SHORT_EMA_CROSS,2016-05-09,2016,5,13:30:00,21.23,2016-05-09,15:45:00,21.21,0.02,0.000942,0.000192,9,135.0,20.4
LONG_EMA_CROSS,2016-05-10,2016,5,12:15:00,21.34,2016-05-10,15:45:00,21.35,0.01,0.000469,9.6e-05,14,210.0,20.4
SHORT_EMA_CROSS,2016-05-11,2016,5,14:00:00,21.22,2016-05-11,15:45:00,21.14,0.08,0.00377,0.000921,7,105.0,24.42
LONG_EMA_CROSS,2016-05-16,2016,5,10:45:00,21.39,2016-05-16,15:45:00,21.45,0.06,0.002805,0.000685,20,300.0,24.42
SHORT_EMA_CROSS,2016-05-31,2016,5,15:45:00,22.82,2016-06-01,09:30:00,22.7,0.12,0.005259,0.001052,1,1065.0,20.0
LONG_EMA_CROSS,2016-06-01,2016,6,09:30:00,22.7,2016-06-01,09:45:00,22.62,-0.08,-0.003524,-0.000719,1,15.0,20.4
SHORT_EMA_CROSS,2016-06-01,2016,6,09:45:00,22.62,2016-06-01,15:45:00,22.5,0.12,0.005305,0.001125,24,360.0,21.21
LONG_EMA_CROSS,2016-06-06,2016,6,11:00:00,22.61,2016-06-06,15:45:00,22.54,-0.07,-0.003096,-0.000669,19,285.0,21.61
SHORT_EMA_CROSS,2016-06-10,2016,6,12:00:00,22.6,2016-06-10,15:45:00,22.59,0.01,0.000442,9.7e-05,15,225.0,22.01
LONG_EMA_CROSS,2016-06-22,2016,6,10:15:00,22.07,2016-06-22,13:15:00,21.83,-0.24,-0.010874,-0.002525,12,180.0,23.22
SHORT_EMA_CROSS,2016-06-22,2016,6,13:15:00,21.83,2016-06-22,15:45:00,21.84,-0.01,-0.000458,-9.3e-05,10,150.0,20.4
LONG_EMA_CROSS,2016-06-29,2016,6,10:15:00,21.5,2016-06-29,15:45:00,21.58,0.08,0.003721,0.000864,22,330.0,23.22
SHORT_EMA_CROSS,2016-07-05,2016,7,13:00:00,21.66,2016-07-05,15:45:00,21.72,-0.06,-0.00277,-0.000576,11,165.0,20.8
LONG_EMA_CROSS,2016-07-06,2016,7,13:00:00,21.82,2016-07-06,15:45:00,21.83,0.01,0.000458,9.9e-05,11,165.0,21.61
SHORT_EMA_CROSS,2016-07-21,2016,7,14:45:00,22.72,2016-07-21,15:45:00,22.72,-0.0,-0.0,-0.0,4,60.0,20.0
LONG_EMA_CROSS,2016-07-27,2016,7,10:00:00,23.71,2016-07-27,15:45:00,23.53,-0.18,-0.007592,-0.001579,23,345.0,20.8
SHORT_EMA_CROSS,2016-08-12,2016,8,13:00:00,24.81,2016-08-12,15:45:00,24.85,-0.04,-0.001612,-0.000329,11,165.0,20.4
LONG_EMA_CROSS,2016-08-15,2016,8,10:00:00,25.07,2016-08-15,15:45:00,25.16,0.09,0.00359,0.000805,23,345.0,22.41
SHORT_EMA_CROSS,2016-08-17,2016,8,11:45:00,24.96,2016-08-17,15:45:00,25.09,-0.13,-0.005208,-0.001146,16,240.0,22.01
LONG_EMA_CROSS,2016-08-18,2016,8,10:00:00,25.12,2016-08-18,15:45:00,25.07,-0.05,-0.00199,-0.000398,23,345.0,20.0
SHORT_EMA_CROSS,2016-08-19,2016,8,10:15:00,25.1,2016-08-19,11:15:00,25.16,-0.06,-0.00239,-0.000603,4,60.0,25.23
LONG_EMA_CROSS,2016-08-19,2016,8,11:15:00,25.16,2016-08-19,15:45:00,25.13,-0.03,-0.001192,-0.000272,18,270.0,22.81
SHORT_EMA_CROSS,2016-08-22,2016,8,10:00:00,24.95,2016-08-22,15:45:00,24.93,0.02,0.000802,0.00018,23,345.0,22.41
LONG_EMA_CROSS,2016-08-23,2016,8,15:00:00,25.03,2016-08-23,15:45:00,25.01,-0.02,-0.000799,-0.000163,3,45.0,20.4
SHORT_EMA_CROSS,2016-08-24,2016,8,09:45:00,24.88,2016-08-24,15:45:00,24.83,0.05,0.00201,0.000644,24,360.0,32.06
LONG_EMA_CROSS,2016-09-01,2016,9,14:30:00,24.5,2016-09-01,15:45:00,24.53,0.03,0.001224,0.000245,5,75.0,20.0
SHORT_EMA_CROSS,2016-09-08,2016,9,10:15:00,24.36,2016-09-08,15:45:00,24.25,0.11,0.004516,0.000921,22,330.0,20.4
LONG_EMA_CROSS,2016-09-13,2016,9,09:45:00,24.85,2016-09-13,15:45:00,24.82,-0.03,-0.001207,-0.00029,24,360.0,24.02
SHORT_EMA_CROSS,2016-09-20,2016,9,11:00:00,26.18,2016-09-20,15:45:00,26.1,0.08,0.003056,0.000623,19,285.0,20.4
LONG_EMA_CROSS,2016-09-22,2016,9,10:30:00,26.34,2016-09-22,15:45:00,26.34,0.0,0.0,0.0,21,315.0,24.02
SHORT_EMA_CROSS,2016-09-23,2016,9,14:30:00,25.95,2016-09-23,15:45:00,25.9,0.05,0.001927,0.000432,5,75.0,22.41
LONG_EMA_CROSS,2016-09-28,2016,9,10:15:00,26.28,2016-09-28,15:45:00,26.18,-0.1,-0.003805,-0.000807,22,330.0,21.21
SHORT_EMA_CROSS,2016-09-29,2016,9,11:15:00,25.81,2016-09-29,15:45:00,25.78,0.03,0.001162,0.000312,18,270.0,26.83
LONG_EMA_CROSS,2016-10-03,2016,10,09:30:00,25.83,2016-10-03,09:45:00,25.85,0.02,0.000774,0.000161,1,15.0,20.8
SHORT_EMA_CROSS,2016-10-03,2016,10,09:45:00,25.85,2016-10-03,15:45:00,25.85,-0.0,-0.0,-0.0,24,360.0,22.81
LONG_EMA_CROSS,2016-10-04,2016,10,10:15:00,26.23,2016-10-04,15:45:00,25.97,-0.26,-0.009912,-0.002421,22,330.0,24.42
SHORT_EMA_CROSS,2016-10-19,2016,10,12:15:00,26.94,2016-10-19,15:45:00,26.91,0.03,0.001114,0.000223,14,210.0,20.0
LONG_EMA_CROSS,2016-10-24,2016,10,11:45:00,26.97,2016-10-24,15:45:00,27.03,0.06,0.002225,0.000445,16,240.0,20.0
SHORT_EMA_CROSS,2016-10-26,2016,10,10:00:00,26.18,2016-10-26,15:45:00,26.56,-0.38,-0.014515,-0.004945,23,345.0,34.07
LONG_EMA_CROSS,2016-11-08,2016,11,12:00:00,25.68,2016-11-08,15:45:00,25.65,-0.03,-0.001168,-0.000238,15,225.0,20.4
SHORT_EMA_CROSS,2016-11-09,2016,11,10:45:00,25.18,2016-11-09,15:45:00,25.61,-0.43,-0.017077,-0.00369,20,300.0,21.61
SHORT_EMA_CROSS,2016-11-10,2016,11,10:15:00,24.9,2016-11-10,15:45:00,24.9,-0.0,-0.0,-0.0,22,330.0,20.4
LONG_EMA_CROSS,2016-11-16,2016,11,10:00:00,25.04,2016-11-16,15:45:00,25.41,0.37,0.014776,0.003193,23,345.0,21.61
SHORT_EMA_CROSS,2016-11-23,2016,11,13:15:00,25.59,2016-11-23,14:30:00,25.68,-0.09,-0.003517,-0.000703,5,75.0,20.0
LONG_EMA_CROSS,2016-11-23,2016,11,14:30:00,25.68,2016-11-23,15:15:00,25.63,-0.05,-0.001947,-0.000389,3,45.0,20.0
SHORT_EMA_CROSS,2016-11-23,2016,11,15:15:00,25.63,2016-11-23,15:45:00,25.69,-0.06,-0.002341,-0.000487,2,30.0,20.8
LONG_EMA_CROSS,2016-11-25,2016,11,10:00:00,25.69,2016-11-25,12:45:00,25.82,0.13,0.00506,0.001236,11,165.0,24.42
SHORT_EMA_CROSS,2016-11-29,2016,11,10:30:00,25.62,2016-11-29,12:30:00,25.8,-0.18,-0.007026,-0.00197,8,120.0,28.04
LONG_EMA_CROSS,2016-11-29,2016,11,12:30:00,25.8,2016-11-29,15:45:00,25.74,-0.06,-0.002326,-0.000484,13,195.0,20.8
SHORT_EMA_CROSS,2016-11-30,2016,11,10:45:00,25.61,2016-11-30,15:45:00,25.53,0.08,0.003124,0.000901,20,300.0,28.84
LONG_EMA_CROSS,2016-12-07,2016,12,09:30:00,25.33,2016-12-07,15:45:00,25.64,0.31,0.012238,0.002546,25,375.0,20.8
SHORT_EMA_CROSS,2016-12-22,2016,12,11:00:00,26.83,2016-12-22,15:45:00,26.86,-0.03,-0.001118,-0.000228,19,285.0,20.4
LONG_EMA_CROSS,2016-12-27,2016,12,10:00:00,27.14,2016-12-27,15:45:00,27.08,-0.06,-0.002211,-0.000478,23,345.0,21.61
SHORT_EMA_CROSS,2016-12-28,2016,12,15:45:00,26.96,2016-12-29,15:45:00,26.96,-0.0,-0.0,-0.0,26,1440.0,20.0
LONG_EMA_CROSS,2017-01-04,2017,1,13:30:00,26.84,2017-01-04,15:45:00,26.8,-0.04,-0.00149,-0.000304,9,135.0,20.4
SHORT_EMA_CROSS,2017-01-30,2017,1,10:45:00,27.98,2017-01-30,15:45:00,28.08,-0.1,-0.003574,-0.000715,20,300.0,20.0
LONG_EMA_CROSS,2017-02-01,2017,2,09:45:00,29.59,2017-02-01,15:45:00,29.74,0.15,0.005069,0.002828,24,360.0,55.78
SHORT_EMA_CROSS,2017-02-24,2017,2,10:30:00,31.49,2017-02-24,15:45:00,31.7,-0.21,-0.006669,-0.001334,21,315.0,20.0
LONG_EMA_CROSS,2017-02-27,2017,2,10:15:00,31.86,2017-02-27,15:45:00,31.77,-0.09,-0.002825,-0.000576,22,330.0,20.4
SHORT_EMA_CROSS,2017-03-06,2017,3,12:30:00,32.19,2017-03-06,14:15:00,32.32,-0.13,-0.004039,-0.000808,7,105.0,20.0
LONG_EMA_CROSS,2017-03-06,2017,3,14:15:00,32.32,2017-03-06,15:45:00,32.32,0.0,0.0,0.0,6,90.0,20.4
SHORT_EMA_CROSS,2017-03-08,2017,3,14:45:00,32.27,2017-03-08,15:45:00,32.25,0.02,0.00062,0.000139,4,60.0,22.41
LONG_EMA_CROSS,2017-03-10,2017,3,14:15:00,32.28,2017-03-10,15:45:00,32.28,0.0,0.0,0.0,6,90.0,20.0
SHORT_EMA_CROSS,2017-03-14,2017,3,15:00:00,32.26,2017-03-14,15:45:00,32.24,0.02,0.00062,0.000126,3,45.0,20.4
LONG_EMA_CROSS,2017-03-15,2017,3,10:00:00,32.32,2017-03-15,15:45:00,32.58,0.26,0.008045,0.001771,23,345.0,22.01
SHORT_EMA_CROSS,2017-03-21,2017,3,14:45:00,32.58,2017-03-21,15:45:00,32.44,0.14,0.004297,0.001067,4,60.0,24.82
LONG_EMA_CROSS,2017-03-22,2017,3,14:15:00,32.69,2017-03-22,15:45:00,32.81,0.12,0.003671,0.000779,6,90.0,21.21
SHORT_EMA_CROSS,2017-03-24,2017,3,15:15:00,32.65,2017-03-24,15:45:00,32.62,0.03,0.000919,0.000187,2,30.0,20.4
LONG_EMA_CROSS,2017-03-28,2017,3,10:15:00,32.79,2017-03-28,15:45:00,33.36,0.57,0.017383,0.003965,22,330.0,22.81
SHORT_EMA_CROSS,2017-04-03,2017,4,13:00:00,33.33,2017-04-03,15:45:00,33.33,-0.0,-0.0,-0.0,11,165.0,20.4
LONG_EMA_CROSS,2017-04-04,2017,4,10:30:00,33.43,2017-04-04,15:45:00,33.58,0.15,0.004487,0.001096,21,315.0,24.42
SHORT_EMA_CROSS,2017-04-06,2017,4,12:15:00,33.42,2017-04-06,15:45:00,33.33,0.09,0.002693,0.000712,14,210.0,26.43
LONG_EMA_CROSS,2017-04-19,2017,4,11:45:00,32.89,2017-04-19,12:30:00,32.82,-0.07,-0.002128,-0.000426,3,45.0,20.0
SHORT_EMA_CROSS,2017-04-19,2017,4,12:30:00,32.82,2017-04-19,15:45:00,32.63,0.19,0.005789,0.001204,13,195.0,20.8
LONG_EMA_CROSS,2017-04-20,2017,4,12:00:00,33.1,2017-04-20,15:45:00,33.04,-0.06,-0.001813,-0.00045,15,225.0,24.82
SHORT_EMA_CROSS,2017-04-27,2017,4,11:00:00,33.3,2017-04-27,15:45:00,33.36,-0.06,-0.001802,-0.000426,19,285.0,23.62
LONG_EMA_CROSS,2017-04-28,2017,4,13:00:00,33.43,2017-04-28,15:00:00,33.33,-0.1,-0.002991,-0.000658,8,120.0,22.01
SHORT_EMA_CROSS,2017-04-28,2017,4,15:00:00,33.33,2017-04-28,15:45:00,33.32,0.01,0.0003,6.6e-05,3,45.0,22.01
LONG_EMA_CROSS,2017-05-01,2017,5,09:45:00,33.82,2017-05-01,15:45:00,34.0,0.18,0.005322,0.001407,24,360.0,26.43
SHORT_EMA_CROSS,2017-05-04,2017,5,13:15:00,33.97,2017-05-04,15:45:00,33.99,-0.02,-0.000589,-0.000125,10,150.0,21.21
LONG_EMA_CROSS,2017-05-05,2017,5,09:45:00,34.25,2017-05-05,15:45:00,34.55,0.3,0.008759,0.002562,24,360.0,29.25
SHORT_EMA_CROSS,2017-05-17,2017,5,10:15:00,35.53,2017-05-17,15:45:00,34.99,0.54,0.015198,0.0031,22,330.0,20.4
LONG_EMA_CROSS,2017-05-19,2017,5,12:00:00,35.75,2017-05-19,15:45:00,35.65,-0.1,-0.002797,-0.000593,15,225.0,21.21
SHORT_EMA_CROSS,2017-05-24,2017,5,11:15:00,35.65,2017-05-24,15:45:00,35.71,-0.06,-0.001683,-0.000343,18,270.0,20.4
LONG_EMA_CROSS,2017-05-25,2017,5,12:00:00,35.85,2017-05-25,15:45:00,35.85,0.0,0.0,0.0,15,225.0,21.61
SHORT_EMA_CROSS,2017-05-31,2017,5,10:30:00,35.59,2017-05-31,15:45:00,35.58,0.01,0.000281,8.7e-05,21,315.0,30.85
LONG_EMA_CROSS,2017-06-02,2017,6,11:30:00,35.83,2017-06-02,15:45:00,36.21,0.38,0.010606,0.002632,17,255.0,24.82
SHORT_EMA_CROSS,2017-06-09,2017,6,11:30:00,35.84,2017-06-09,15:45:00,34.7,1.14,0.031808,0.008407,17,255.0,26.43
LONG_EMA_CROSS,2017-06-19,2017,6,11:30:00,33.98,2017-06-19,15:45:00,34.09,0.11,0.003237,0.000791,17,255.0,24.42
SHORT_EMA_CROSS,2017-06-26,2017,6,15:45:00,33.96,2017-06-27,15:45:00,33.49,0.47,0.01384,0.002768,26,1440.0,20.0
LONG_EMA_CROSS,2017-06-29,2017,6,09:30:00,33.63,2017-06-29,09:45:00,33.63,0.0,0.0,0.0,1,15.0,20.4
SHORT_EMA_CROSS,2017-06-29,2017,6,09:45:00,33.63,2017-06-29,15:45:00,33.47,0.16,0.004758,0.001066,24,360.0,22.41
LONG_EMA_CROSS,2017-07-03,2017,7,10:00:00,33.69,2017-07-03,10:30:00,33.53,-0.16,-0.004749,-0.00095,2,30.0,20.0
SHORT_EMA_CROSS,2017-07-03,2017,7,10:30:00,33.53,2017-07-03,12:45:00,33.43,0.1,0.002982,0.00062,9,135.0,20.8
LONG_EMA_CROSS,2017-07-07,2017,7,12:45:00,33.6,2017-07-07,15:45:00,33.58,-0.02,-0.000595,-0.000138,12,180.0,23.22
SHORT_EMA_CROSS,2017-07-21,2017,7,11:15:00,34.93,2017-07-21,15:45:00,35.0,-0.07,-0.002004,-0.000401,18,270.0,20.0
LONG_EMA_CROSS,2017-07-24,2017,7,10:30:00,35.24,2017-07-24,15:45:00,35.43,0.19,0.005392,0.001078,21,315.0,20.0
SHORT_EMA_CROSS,2017-07-27,2017,7,13:30:00,34.75,2017-07-27,15:45:00,35.07,-0.32,-0.009209,-0.003064,9,135.0,33.27
LONG_EMA_CROSS,2017-08-02,2017,8,09:45:00,36.77,2017-08-02,15:45:00,36.61,-0.16,-0.004351,-0.001378,24,360.0,31.66
SHORT_EMA_CROSS,2017-08-10,2017,8,12:30:00,36.7,2017-08-10,15:45:00,36.32,0.38,0.010354,0.002071,13,195.0,20.0
LONG_EMA_CROSS,2017-08-14,2017,8,10:45:00,37.3,2017-08-14,15:45:00,37.36,0.06,0.001609,0.000322,20,300.0,20.0
SHORT_EMA_CROSS,2017-08-17,2017,8,10:45:00,37.2,2017-08-17,15:45:00,36.92,0.28,0.007527,0.001535,20,300.0,20.4
LONG_EMA_CROSS,2017-08-22,2017,8,11:45:00,37.37,2017-08-22,15:45:00,37.36,-0.01,-0.000268,-5.6e-05,16,240.0,20.8
SHORT_EMA_CROSS,2017-09-05,2017,9,12:15:00,37.78,2017-09-05,15:45:00,37.9,-0.12,-0.003176,-0.000648,14,210.0,20.4
LONG_EMA_CROSS,2017-09-11,2017,9,13:30:00,37.75,2017-09-11,15:45:00,37.76,0.01,0.000265,5.4e-05,9,135.0,20.4
SHORT_EMA_CROSS,2017-09-13,2017,9,09:45:00,37.21,2017-09-13,15:45:00,37.33,-0.12,-0.003225,-0.000671,24,360.0,20.8
LONG_EMA_CROSS,2017-09-15,2017,9,12:00:00,37.56,2017-09-15,15:45:00,37.39,-0.17,-0.004526,-0.000941,15,225.0,20.8
SHORT_EMA_CROSS,2017-09-18,2017,9,14:00:00,37.22,2017-09-18,15:45:00,37.1,0.12,0.003224,0.000671,7,105.0,20.8
LONG_EMA_CROSS,2017-09-26,2017,9,13:45:00,35.94,2017-09-26,15:45:00,35.83,-0.11,-0.003061,-0.000711,8,120.0,23.22
SHORT_EMA_CROSS,2017-09-29,2017,9,10:00:00,35.65,2017-09-29,12:30:00,35.98,-0.33,-0.009257,-0.002037,10,150.0,22.01
LONG_EMA_CROSS,2017-09-29,2017,9,12:30:00,35.98,2017-09-29,15:45:00,36.01,0.03,0.000834,0.000187,13,195.0,22.41
SHORT_EMA_CROSS,2017-10-04,2017,10,12:00:00,35.92,2017-10-04,15:45:00,35.89,0.03,0.000835,0.000184,15,225.0,22.01
LONG_EMA_CROSS,2017-10-05,2017,10,10:15:00,36.25,2017-10-05,15:45:00,36.34,0.09,0.002483,0.000546,22,330.0,22.01
SHORT_EMA_CROSS,2017-10-19,2017,10,10:15:00,36.48,2017-10-19,15:45:00,36.48,-0.0,-0.0,-0.0,22,330.0,20.4
LONG_EMA_CROSS,2017-10-26,2017,10,11:15:00,36.82,2017-10-26,15:45:00,36.81,-0.01,-0.000272,-7e-05,18,270.0,25.63
SHORT_EMA_CROSS,2017-11-13,2017,11,11:30:00,40.89,2017-11-13,15:45:00,40.83,0.06,0.001467,0.000293,17,255.0,20.0
LONG_EMA_CROSS,2017-11-21,2017,11,10:15:00,40.73,2017-11-21,15:45:00,40.63,-0.1,-0.002455,-0.00054,22,330.0,22.01
SHORT_EMA_CROSS,2017-11-28,2017,11,11:45:00,40.59,2017-11-28,15:45:00,40.6,-0.01,-0.000246,-5e-05,16,240.0,20.4
LONG_EMA_CROSS,2017-12-04,2017,12,10:30:00,40.23,2017-12-04,11:15:00,40.16,-0.07,-0.00174,-0.000355,3,45.0,20.4
SHORT_EMA_CROSS,2017-12-04,2017,12,11:15:00,40.16,2017-12-04,11:30:00,40.22,-0.06,-0.001494,-0.000299,1,15.0,20.0
LONG_EMA_CROSS,2017-12-04,2017,12,11:30:00,40.22,2017-12-04,15:45:00,39.84,-0.38,-0.009448,-0.001965,17,255.0,20.8
SHORT_EMA_CROSS,2017-12-05,2017,12,09:30:00,39.81,2017-12-05,15:45:00,39.81,-0.0,-0.0,-0.0,25,375.0,25.63
LONG_EMA_CROSS,2017-12-08,2017,12,12:15:00,39.89,2017-12-08,14:15:00,39.75,-0.14,-0.00351,-0.000702,8,120.0,20.0
SHORT_EMA_CROSS,2017-12-08,2017,12,14:15:00,39.75,2017-12-08,15:45:00,39.75,-0.0,-0.0,-0.0,6,90.0,22.41
LONG_EMA_CROSS,2017-12-11,2017,12,10:45:00,40.34,2017-12-11,15:45:00,40.52,0.18,0.004462,0.001269,20,300.0,28.44
SHORT_EMA_CROSS,2017-12-20,2017,12,10:15:00,40.81,2017-12-20,15:45:00,40.92,-0.11,-0.002695,-0.000637,22,330.0,23.62
LONG_EMA_CROSS,2017-12-21,2017,12,11:00:00,41.21,2017-12-21,15:45:00,41.07,-0.14,-0.003397,-0.000679,19,285.0,20.0
SHORT_EMA_CROSS,2017-12-26,2017,12,09:45:00,39.94,2017-12-26,15:45:00,40.03,-0.09,-0.002253,-0.001039,24,360.0,46.13
LONG_EMA_CROSS,2018-01-02,2018,1,12:00:00,40.23,2018-01-02,15:45:00,40.43,0.2,0.004971,0.000994,15,225.0,20.0
SHORT_EMA_CROSS,2018-01-10,2018,1,10:30:00,40.72,2018-01-10,15:45:00,40.89,-0.17,-0.004175,-0.000852,21,315.0,20.4
LONG_EMA_CROSS,2018-01-11,2018,1,10:30:00,41.11,2018-01-11,15:45:00,41.13,0.02,0.000486,0.000101,21,315.0,20.8
SHORT_EMA_CROSS,2018-01-17,2018,1,11:30:00,41.2,2018-01-17,14:30:00,41.76,-0.56,-0.013592,-0.002773,12,180.0,20.4
LONG_EMA_CROSS,2018-01-17,2018,1,14:30:00,41.76,2018-01-17,15:45:00,42.03,0.27,0.006466,0.001475,5,75.0,22.81
SHORT_EMA_CROSS,2018-01-22,2018,1,10:30:00,41.61,2018-01-22,15:45:00,41.54,0.07,0.001682,0.000397,21,315.0,23.62
LONG_EMA_CROSS,2018-01-23,2018,1,12:00:00,41.92,2018-01-23,15:45:00,41.53,-0.39,-0.009303,-0.001973,15,225.0,21.21
SHORT_EMA_CROSS,2018-01-24,2018,1,09:45:00,41.24,2018-01-24,15:45:00,40.89,0.35,0.008487,0.002106,24,360.0,24.82
LONG_EMA_CROSS,2018-02-12,2018,2,11:45:00,38.2,2018-02-12,15:45:00,38.35,0.15,0.003927,0.000817,16,240.0,20.8
SHORT_EMA_CROSS,2018-03-01,2018,3,12:45:00,41.47,2018-03-01,15:45:00,41.23,0.24,0.005787,0.001204,12,180.0,20.8
LONG_EMA_CROSS,2018-03-05,2018,3,13:30:00,41.73,2018-03-05,15:45:00,41.67,-0.06,-0.001438,-0.000288,9,135.0,20.0
SHORT_EMA_CROSS,2018-03-07,2018,3,09:45:00,41.2,2018-03-07,15:45:00,41.24,-0.04,-0.000971,-0.000194,24,360.0,20.0
LONG_EMA_CROSS,2018-03-08,2018,3,13:45:00,41.62,2018-03-08,15:45:00,41.7,0.08,0.001922,0.000384,8,120.0,20.0
SHORT_EMA_CROSS,2018-03-14,2018,3,10:45:00,42.18,2018-03-14,15:45:00,42.05,0.13,0.003082,0.000716,20,300.0,23.22
LONG_EMA_CROSS,2018-03-26,2018,3,15:45:00,40.71,2018-03-27,15:45:00,39.67,-1.04,-0.025547,-0.005109,26,1440.0,20.0
SHORT_EMA_CROSS,2018-03-28,2018,3,09:45:00,39.34,2018-03-28,15:45:00,39.23,0.11,0.002796,0.000582,24,360.0,20.8
LONG_EMA_CROSS,2018-03-29,2018,3,14:15:00,40.26,2018-03-29,15:45:00,39.56,-0.7,-0.017387,-0.003616,6,90.0,20.8
SHORT_EMA_CROSS,2018-04-02,2018,4,10:30:00,39.43,2018-04-02,15:45:00,39.28,0.15,0.003804,0.000776,21,315.0,20.4
LONG_EMA_CROSS,2018-04-04,2018,4,12:00:00,40.07,2018-04-04,15:45:00,40.43,0.36,0.008984,0.002013,15,225.0,22.41
SHORT_EMA_CROSS,2018-04-06,2018,4,14:45:00,39.76,2018-04-06,15:45:00,39.67,0.09,0.002264,0.000471,4,60.0,20.8
LONG_EMA_CROSS,2018-04-09,2018,4,11:30:00,40.54,2018-04-09,15:45:00,40.07,-0.47,-0.011593,-0.002365,17,255.0,20.4
SHORT_EMA_CROSS,2018-04-19,2018,4,10:30:00,40.98,2018-04-19,15:45:00,40.72,0.26,0.006345,0.001269,21,315.0,20.0
LONG_EMA_CROSS,2018-04-30,2018,4,10:45:00,39.16,2018-04-30,15:45:00,38.94,-0.22,-0.005618,-0.001169,20,300.0,20.8
SHORT_EMA_CROSS,2018-05-15,2018,5,10:15:00,44.11,2018-05-15,15:45:00,44.1,0.01,0.000227,4.6e-05,22,330.0,20.4
LONG_EMA_CROSS,2018-05-16,2018,5,13:30:00,44.46,2018-05-16,15:45:00,44.52,0.06,0.00135,0.000275,9,135.0,20.4
SHORT_EMA_CROSS,2018-05-17,2018,5,15:00:00,44.24,2018-05-17,15:45:00,44.24,-0.0,-0.0,-0.0,3,45.0,20.4
LONG_EMA_CROSS,2018-05-21,2018,5,10:15:00,44.64,2018-05-21,15:45:00,44.38,-0.26,-0.005824,-0.001235,22,330.0,21.21
SHORT_EMA_CROSS,2018-05-22,2018,5,13:00:00,44.34,2018-05-22,15:45:00,44.3,0.04,0.000902,0.000188,11,165.0,20.8
LONG_EMA_CROSS,2018-05-24,2018,5,09:45:00,44.28,2018-05-24,11:00:00,44.2,-0.08,-0.001807,-0.000557,5,75.0,30.85
SHORT_EMA_CROSS,2018-05-24,2018,5,11:00:00,44.2,2018-05-24,12:00:00,44.44,-0.24,-0.00543,-0.001108,4,60.0,20.4
LONG_EMA_CROSS,2018-05-24,2018,5,12:00:00,44.44,2018-05-24,15:45:00,44.52,0.08,0.0018,0.000512,15,225.0,28.44
SHORT_EMA_CROSS,2018-05-29,2018,5,12:30:00,44.35,2018-05-29,15:45:00,44.44,-0.09,-0.002029,-0.000659,13,195.0,32.46
LONG_EMA_CROSS,2018-06-01,2018,6,10:30:00,44.66,2018-06-01,15:45:00,45.0,0.34,0.007613,0.002624,21,315.0,34.47
SHORT_EMA_CROSS,2018-06-08,2018,6,10:15:00,45.03,2018-06-08,15:45:00,45.3,-0.27,-0.005996,-0.001344,22,330.0,22.41
LONG_EMA_CROSS,2018-06-12,2018,6,13:30:00,45.47,2018-06-12,15:45:00,45.48,0.01,0.00022,4.4e-05,9,135.0,20.0
SHORT_EMA_CROSS,2018-06-14,2018,6,09:30:00,45.07,2018-06-14,15:45:00,45.14,-0.07,-0.001553,-0.000373,25,375.0,24.02
LONG_EMA_CROSS,2018-06-26,2018,6,13:30:00,44.05,2018-06-26,15:45:00,43.63,-0.42,-0.009535,-0.001907,9,135.0,20.0
SHORT_EMA_CROSS,2018-07-05,2018,7,10:15:00,43.74,2018-07-05,15:45:00,43.85,-0.11,-0.002515,-0.000513,22,330.0,20.4
LONG_EMA_CROSS,2018-07-06,2018,7,10:30:00,44.16,2018-07-06,15:45:00,44.47,0.31,0.00702,0.001489,21,315.0,21.21
SHORT_EMA_CROSS,2018-07-11,2018,7,12:15:00,44.49,2018-07-11,15:45:00,44.46,0.03,0.000674,0.00014,14,210.0,20.8
LONG_EMA_CROSS,2018-07-12,2018,7,11:30:00,45.1,2018-07-12,15:45:00,45.19,0.09,0.001996,0.000447,17,255.0,22.41
SHORT_EMA_CROSS,2018-07-17,2018,7,10:00:00,44.94,2018-07-17,13:15:00,45.25,-0.31,-0.006898,-0.001518,13,195.0,22.01
LONG_EMA_CROSS,2018-07-17,2018,7,13:15:00,45.25,2018-07-17,15:45:00,45.29,0.04,0.000884,0.000177,10,150.0,20.0
SHORT_EMA_CROSS,2018-07-18,2018,7,11:00:00,45.04,2018-07-18,15:45:00,45.04,-0.0,-0.0,-0.0,19,285.0,22.81
LONG_EMA_CROSS,2018-07-19,2018,7,11:00:00,45.39,2018-07-19,15:45:00,45.42,0.03,0.000661,0.000151,19,285.0,22.81
SHORT_EMA_CROSS,2018-07-23,2018,7,10:00:00,44.97,2018-07-23,15:45:00,45.32,-0.35,-0.007783,-0.002151,23,345.0,27.64
LONG_EMA_CROSS,2018-07-24,2018,7,09:30:00,45.69,2018-07-24,15:45:00,45.65,-0.04,-0.000875,-0.000186,25,375.0,21.21
SHORT_EMA_CROSS,2018-07-27,2018,7,13:00:00,45.37,2018-07-27,15:45:00,45.19,0.18,0.003967,0.000937,11,165.0,23.62
LONG_EMA_CROSS,2018-08-01,2018,8,09:45:00,47.01,2018-08-01,15:45:00,47.7,0.69,0.014678,0.004057,24,360.0,27.64
SHORT_EMA_CROSS,2018-08-08,2018,8,12:30:00,48.99,2018-08-08,15:00:00,49.07,-0.08,-0.001633,-0.000327,10,150.0,20.0
LONG_EMA_CROSS,2018-08-08,2018,8,15:00:00,49.07,2018-08-08,15:45:00,49.02,-0.05,-0.001019,-0.000204,3,45.0,20.0
SHORT_EMA_CROSS,2018-08-22,2018,8,14:45:00,51.16,2018-08-22,15:45:00,51.05,0.11,0.00215,0.00043,4,60.0,20.0
LONG_EMA_CROSS,2018-08-23,2018,8,10:00:00,51.4,2018-08-23,15:45:00,51.17,-0.23,-0.004475,-0.001111,23,345.0,24.82
SHORT_EMA_CROSS,2018-09-06,2018,9,10:30:00,53.04,2018-09-06,15:45:00,52.96,0.08,0.001508,0.000308,21,315.0,20.4
LONG_EMA_CROSS,2018-09-11,2018,9,14:00:00,53.05,2018-09-11,15:45:00,53.14,0.09,0.001697,0.000346,7,105.0,20.4
SHORT_EMA_CROSS,2018-09-12,2018,9,15:45:00,52.49,2018-09-13,09:45:00,53.15,-0.66,-0.012574,-0.002515,2,1080.0,20.0
LONG_EMA_CROSS,2018-09-13,2018,9,09:45:00,53.15,2018-09-13,15:45:00,53.74,0.59,0.011101,0.002845,24,360.0,25.63
SHORT_EMA_CROSS,2018-09-17,2018,9,09:45:00,52.51,2018-09-17,15:45:00,51.72,0.79,0.015045,0.003916,24,360.0,26.03
LONG_EMA_CROSS,2018-09-20,2018,9,11:30:00,52.6,2018-09-20,15:45:00,52.23,-0.37,-0.007034,-0.001633,17,255.0,23.22
SHORT_EMA_CROSS,2018-09-21,2018,9,12:45:00,52.07,2018-09-21,15:45:00,51.67,0.4,0.007682,0.001691,12,180.0,22.01
LONG_EMA_CROSS,2018-09-24,2018,9,14:00:00,52.25,2018-09-24,15:45:00,52.41,0.16,0.003062,0.000662,7,105.0,21.61
SHORT_EMA_CROSS,2018-10-04,2018,10,13:15:00,54.13,2018-10-04,15:45:00,54.09,0.04,0.000739,0.000151,10,150.0,20.4
LONG_EMA_CROSS,2018-10-09,2018,10,13:45:00,53.56,2018-10-09,15:45:00,53.85,0.29,0.005414,0.001083,8,120.0,20.0
SHORT_EMA_CROSS,2018-10-10,2018,10,11:00:00,52.85,2018-10-10,15:45:00,51.42,1.43,0.027058,0.005847,19,285.0,21.61
LONG_EMA_CROSS,2018-10-16,2018,10,13:15:00,52.3,2018-10-16,15:45:00,52.75,0.45,0.008604,0.00179,10,150.0,20.8
SHORT_EMA_CROSS,2018-10-18,2018,10,11:15:00,51.7,2018-10-18,15:45:00,51.32,0.38,0.00735,0.001707,18,270.0,23.22
LONG_EMA_CROSS,2018-10-19,2018,10,15:45:00,52.06,2018-10-22,15:45:00,52.36,0.3,0.005763,0.001176,26,4320.0,20.4
SHORT_EMA_CROSS,2018-10-23,2018,10,10:30:00,51.33,2018-10-23,15:15:00,52.85,-1.52,-0.029612,-0.006636,19,285.0,22.41
LONG_EMA_CROSS,2018-10-23,2018,10,15:15:00,52.85,2018-10-23,15:45:00,52.88,0.03,0.000568,0.000118,2,30.0,20.8
SHORT_EMA_CROSS,2018-10-24,2018,10,15:30:00,51.62,2018-10-24,15:45:00,51.09,0.53,0.010267,0.002301,1,15.0,22.41
LONG_EMA_CROSS,2018-10-25,2018,10,15:15:00,52.49,2018-10-25,15:45:00,52.19,-0.3,-0.005715,-0.001166,2,30.0,20.4
SHORT_EMA_CROSS,2018-10-26,2018,10,09:45:00,51.33,2018-10-26,15:45:00,51.3,0.03,0.000584,0.000119,24,360.0,20.4
LONG_EMA_CROSS,2018-10-31,2018,10,11:30:00,51.81,2018-10-31,15:45:00,51.94,0.13,0.002509,0.000804,17,255.0,32.06
SHORT_EMA_CROSS,2018-11-02,2018,11,10:30:00,49.15,2018-11-02,15:45:00,49.25,-0.1,-0.002035,-0.000726,21,315.0,35.68
LONG_EMA_CROSS,2018-11-07,2018,11,12:30:00,49.25,2018-11-07,15:45:00,49.84,0.59,0.01198,0.002396,13,195.0,20.0
SHORT_EMA_CROSS,2018-11-09,2018,11,11:45:00,48.46,2018-11-09,15:45:00,48.71,-0.25,-0.005159,-0.001094,16,240.0,21.21
LONG_EMA_CROSS,2018-11-16,2018,11,11:00:00,46.17,2018-11-16,15:45:00,46.1,-0.07,-0.001516,-0.000315,19,285.0,20.8
SHORT_EMA_CROSS,2018-11-19,2018,11,10:30:00,44.69,2018-11-19,15:45:00,44.27,0.42,0.009398,0.00188,21,315.0,20.0
LONG_EMA_CROSS,2018-11-28,2018,11,11:45:00,41.95,2018-11-28,15:45:00,43.11,1.16,0.027652,0.005865,16,240.0,21.21
SHORT_EMA_CROSS,2018-12-04,2018,12,13:45:00,42.29,2018-12-04,15:45:00,42.07,0.22,0.005202,0.001082,8,120.0,20.8
LONG_EMA_CROSS,2018-12-12,2018,12,11:30:00,40.76,2018-12-12,15:45:00,40.28,-0.48,-0.011776,-0.002355,17,255.0,20.0
SHORT_EMA_CROSS,2018-12-14,2018,12,10:00:00,39.84,2018-12-14,15:45:00,39.4,0.44,0.011044,0.002253,23,345.0,20.4
LONG_EMA_CROSS,2018-12-28,2018,12,09:30:00,37.18,2018-12-28,15:45:00,37.22,0.04,0.001076,0.000215,25,375.0,20.0
SHORT_EMA_CROSS,2019-01-03,2019,1,10:00:00,34.16,2019-01-03,15:45:00,33.84,0.32,0.009368,0.002664,23,345.0,28.44
LONG_EMA_CROSS,2019-01-08,2019,1,11:15:00,35.63,2019-01-08,15:45:00,35.91,0.28,0.007859,0.001603,18,270.0,20.4
SHORT_EMA_CROSS,2019-01-14,2019,1,09:45:00,35.73,2019-01-14,15:45:00,35.73,-0.0,-0.0,-0.0,24,360.0,21.21
LONG_EMA_CROSS,2019-01-15,2019,1,12:45:00,36.37,2019-01-15,15:45:00,36.46,0.09,0.002475,0.000535,12,180.0,21.61
SHORT_EMA_CROSS,2019-01-22,2019,1,13:45:00,36.76,2019-01-22,15:45:00,36.61,0.15,0.004081,0.000865,8,120.0,21.21
LONG_EMA_CROSS,2019-01-25,2019,1,10:45:00,37.44,2019-01-25,15:45:00,37.57,0.13,0.003472,0.000848,20,300.0,24.42
SHORT_EMA_CROSS,2019-01-30,2019,1,09:30:00,38.46,2019-01-30,09:45:00,38.29,0.17,0.00442,0.000902,1,15.0,20.4
LONG_EMA_CROSS,2019-01-30,2019,1,09:45:00,38.29,2019-01-30,15:45:00,39.36,1.07,0.027945,0.007498,24,360.0,26.83
SHORT_EMA_CROSS,2019-02-07,2019,2,13:00:00,40.72,2019-02-07,15:45:00,40.73,-0.01,-0.000246,-5e-05,11,165.0,20.4
LONG_EMA_CROSS,2019-02-12,2019,2,15:30:00,40.85,2019-02-12,15:45:00,40.88,0.03,0.000734,0.000147,1,15.0,20.0
SHORT_EMA_CROSS,2019-02-15,2019,2,11:30:00,40.67,2019-02-15,15:45:00,40.76,-0.09,-0.002213,-0.000443,17,255.0,20.0
LONG_EMA_CROSS,2019-02-19,2019,2,14:30:00,40.94,2019-02-19,15:45:00,40.89,-0.05,-0.001221,-0.000244,5,75.0,20.0
SHORT_EMA_CROSS,2019-02-21,2019,2,15:00:00,40.83,2019-02-21,15:45:00,40.94,-0.11,-0.002694,-0.000626,3,45.0,23.22
LONG_EMA_CROSS,2019-02-22,2019,2,10:15:00,41.12,2019-02-22,15:45:00,41.38,0.26,0.006323,0.001315,22,330.0,20.8
SHORT_EMA_CROSS,2019-03-01,2019,3,09:30:00,41.63,2019-03-01,14:30:00,41.87,-0.24,-0.005765,-0.001339,20,300.0,23.22
LONG_EMA_CROSS,2019-03-01,2019,3,14:30:00,41.87,2019-03-01,15:45:00,41.86,-0.01,-0.000239,-6.2e-05,5,75.0,26.03
SHORT_EMA_CROSS,2019-03-06,2019,3,13:00:00,41.76,2019-03-06,15:45:00,41.75,0.01,0.000239,4.9e-05,11,165.0,20.4
LONG_EMA_CROSS,2019-03-11,2019,3,10:30:00,42.49,2019-03-11,15:45:00,42.82,0.33,0.007767,0.003614,21,315.0,46.53
SHORT_EMA_CROSS,2019-03-25,2019,3,10:30:00,45.36,2019-03-25,15:45:00,45.16,0.2,0.004409,0.001094,21,315.0,24.82
LONG_EMA_CROSS,2019-03-29,2019,3,12:30:00,45.27,2019-03-29,15:45:00,45.44,0.17,0.003755,0.000766,13,195.0,20.4
SHORT_EMA_CROSS,2019-04-11,2019,4,15:30:00,47.59,2019-04-11,15:45:00,47.6,-0.01,-0.00021,-4.3e-05,1,15.0,20.4
LONG_EMA_CROSS,2019-04-16,2019,4,09:45:00,47.82,2019-04-16,15:45:00,47.67,-0.15,-0.003137,-0.00069,24,360.0,22.01
SHORT_EMA_CROSS,2019-04-25,2019,4,15:00:00,49.23,2019-04-25,15:45:00,49.1,0.13,0.002641,0.000549,3,45.0,20.8
LONG_EMA_CROSS,2019-05-01,2019,5,10:30:00,50.87,2019-05-01,15:45:00,50.36,-0.51,-0.010026,-0.003416,21,315.0,34.07
SHORT_EMA_CROSS,2019-05-06,2019,5,11:00:00,49.55,2019-05-06,15:45:00,49.9,-0.35,-0.007064,-0.001668,19,285.0,23.62
LONG_EMA_CROSS,2019-05-15,2019,5,15:00:00,45.94,2019-05-15,15:45:00,45.85,-0.09,-0.001959,-0.000392,3,45.0,20.0
SHORT_EMA_CROSS,2019-05-17,2019,5,10:00:00,44.9,2019-05-17,15:45:00,45.38,-0.48,-0.01069,-0.002267,23,345.0,21.21
LONG_EMA_CROSS,2019-05-21,2019,5,14:45:00,45.0,2019-05-21,15:45:00,44.81,-0.19,-0.004222,-0.000844,4,60.0,20.0
SHORT_EMA_CROSS,2019-05-22,2019,5,10:00:00,44.33,2019-05-22,15:45:00,43.9,0.43,0.0097,0.002057,23,345.0,21.21
LONG_EMA_CROSS,2019-06-04,2019,6,12:15:00,42.79,2019-06-04,15:45:00,43.15,0.36,0.008413,0.001683,14,210.0,20.0
SHORT_EMA_CROSS,2019-06-14,2019,6,10:15:00,46.03,2019-06-14,15:45:00,46.29,-0.26,-0.005648,-0.00113,22,330.0,20.0
LONG_EMA_CROSS,2019-06-17,2019,6,11:45:00,46.63,2019-06-17,15:45:00,46.58,-0.05,-0.001072,-0.000214,16,240.0,20.0
SHORT_EMA_CROSS,2019-06-25,2019,6,09:30:00,47.73,2019-06-25,15:45:00,46.97,0.76,0.015923,0.003248,25,375.0,20.4
LONG_EMA_CROSS,2019-06-26,2019,6,11:45:00,48.18,2019-06-26,15:45:00,47.98,-0.2,-0.004151,-0.000897,16,240.0,21.61
SHORT_EMA_CROSS,2019-06-28,2019,6,10:30:00,47.59,2019-06-28,15:45:00,47.53,0.06,0.001261,0.000288,21,315.0,22.81
LONG_EMA_CROSS,2019-07-01,2019,7,10:15:00,48.67,2019-07-01,15:45:00,48.43,-0.24,-0.004931,-0.001303,22,330.0,26.43
SHORT_EMA_CROSS,2019-07-08,2019,7,10:45:00,47.86,2019-07-08,15:45:00,48.04,-0.18,-0.003761,-0.000798,20,300.0,21.21
LONG_EMA_CROSS,2019-07-10,2019,7,10:15:00,48.72,2019-07-10,15:45:00,48.8,0.08,0.001642,0.000335,22,330.0,20.4
SHORT_EMA_CROSS,2019-07-18,2019,7,09:30:00,49.34,2019-07-18,09:45:00,49.28,0.06,0.001216,0.000243,1,15.0,20.0
LONG_EMA_CROSS,2019-07-18,2019,7,09:45:00,49.28,2019-07-18,15:45:00,49.39,0.11,0.002232,0.000464,24,360.0,20.8
SHORT_EMA_CROSS,2019-07-19,2019,7,14:45:00,48.92,2019-07-19,15:45:00,48.65,0.27,0.005519,0.001171,4,60.0,21.21
LONG_EMA_CROSS,2019-07-22,2019,7,10:45:00,49.52,2019-07-22,15:45:00,49.77,0.25,0.005048,0.001213,20,300.0,24.02
SHORT_EMA_CROSS,2019-07-26,2019,7,09:30:00,50.07,2019-07-26,09:45:00,50.1,-0.03,-0.000599,-0.000122,1,15.0,20.4
LONG_EMA_CROSS,2019-07-26,2019,7,09:45:00,50.1,2019-07-26,15:45:00,49.89,-0.21,-0.004192,-0.001024,24,360.0,24.42
SHORT_EMA_CROSS,2019-07-30,2019,7,12:30:00,49.99,2019-07-30,14:30:00,50.36,-0.37,-0.007401,-0.00148,8,120.0,20.0
LONG_EMA_CROSS,2019-07-30,2019,7,14:30:00,50.36,2019-07-30,15:45:00,50.17,-0.19,-0.003773,-0.000921,5,75.0,24.42
SHORT_EMA_CROSS,2019-08-01,2019,8,15:15:00,50.2,2019-08-01,15:45:00,50.06,0.14,0.002789,0.000804,2,30.0,28.84
LONG_EMA_CROSS,2019-08-08,2019,8,10:00:00,48.22,2019-08-08,15:45:00,48.86,0.64,0.013273,0.003294,23,345.0,24.82
SHORT_EMA_CROSS,2019-08-14,2019,8,15:00:00,49.09,2019-08-14,15:45:00,48.88,0.21,0.004278,0.00089,3,45.0,20.8
LONG_EMA_CROSS,2019-08-16,2019,8,11:30:00,49.65,2019-08-16,15:45:00,49.76,0.11,0.002216,0.000479,17,255.0,21.61
SHORT_EMA_CROSS,2019-08-23,2019,8,10:45:00,50.88,2019-08-23,15:45:00,48.85,2.03,0.039898,0.008139,20,300.0,20.4
LONG_EMA_CROSS,2019-08-29,2019,8,10:15:00,50.17,2019-08-29,15:45:00,50.41,0.24,0.004784,0.000995,22,330.0,20.8
SHORT_EMA_CROSS,2019-09-03,2019,9,10:30:00,49.47,2019-09-03,15:45:00,49.58,-0.11,-0.002224,-0.000454,21,315.0,20.4
LONG_EMA_CROSS,2019-09-04,2019,9,11:45:00,50.2,2019-09-04,15:45:00,50.44,0.24,0.004781,0.001052,16,240.0,22.01
SHORT_EMA_CROSS,2019-09-13,2019,9,12:45:00,52.51,2019-09-13,15:45:00,52.74,-0.23,-0.00438,-0.000964,12,180.0,22.01
LONG_EMA_CROSS,2019-09-17,2019,9,14:45:00,53.04,2019-09-17,15:45:00,53.19,0.15,0.002828,0.000577,4,60.0,20.4
SHORT_EMA_CROSS,2019-09-20,2019,9,13:15:00,52.78,2019-09-20,15:45:00,52.48,0.3,0.005684,0.001525,10,150.0,26.83
LONG_EMA_CROSS,2019-09-25,2019,9,13:00:00,53.11,2019-09-25,15:45:00,53.27,0.16,0.003013,0.000736,11,165.0,24.42
SHORT_EMA_CROSS,2019-09-27,2019,9,13:00:00,52.69,2019-09-27,15:45:00,52.76,-0.07,-0.001329,-0.000335,11,165.0,25.23
LONG_EMA_CROSS,2019-09-30,2019,9,10:45:00,53.67,2019-09-30,15:45:00,53.99,0.32,0.005962,0.0016,20,300.0,26.83
SHORT_EMA_CROSS,2019-10-02,2019,10,11:30:00,52.85,2019-10-02,15:45:00,52.78,0.07,0.001325,0.000398,17,255.0,30.05
LONG_EMA_CROSS,2019-10-04,2019,10,10:15:00,54.13,2019-10-04,15:45:00,54.72,0.59,0.0109,0.002486,22,330.0,22.81
SHORT_EMA_CROSS,2019-10-16,2019,10,11:45:00,56.5,2019-10-16,15:45:00,56.5,-0.0,-0.0,-0.0,16,240.0,20.0
LONG_EMA_CROSS,2019-10-18,2019,10,09:45:00,56.87,2019-10-18,15:45:00,56.96,0.09,0.001583,0.000329,24,360.0,20.8
SHORT_EMA_CROSS,2019-10-29,2019,10,13:15:00,58.75,2019-10-29,15:45:00,58.65,0.1,0.001702,0.000375,10,150.0,22.01
LONG_EMA_CROSS,2019-10-31,2019,10,11:15:00,59.89,2019-10-31,15:45:00,59.99,0.1,0.00167,0.000361,18,270.0,21.61
SHORT_EMA_CROSS,2019-11-20,2019,11,12:00:00,63.85,2019-11-20,15:45:00,63.64,0.21,0.003289,0.000684,15,225.0,20.8
LONG_EMA_CROSS,2019-11-25,2019,11,11:00:00,64.19,2019-11-25,15:45:00,64.42,0.23,0.003583,0.00076,19,285.0,21.21
SHORT_EMA_CROSS,2019-12-02,2019,12,11:45:00,64.0,2019-12-02,15:45:00,63.85,0.15,0.002344,0.000497,16,240.0,21.21
LONG_EMA_CROSS,2019-12-05,2019,12,09:45:00,63.9,2019-12-05,15:45:00,64.21,0.31,0.004851,0.001009,24,360.0,20.8
SHORT_EMA_CROSS,2020-01-16,2020,1,09:30:00,76.1,2020-01-16,09:45:00,76.07,0.03,0.000394,8e-05,1,15.0,20.4
LONG_EMA_CROSS,2020-01-16,2020,1,09:45:00,76.07,2020-01-16,12:45:00,75.63,-0.44,-0.005784,-0.001157,12,180.0,20.0
SHORT_EMA_CROSS,2020-01-16,2020,1,12:45:00,75.63,2020-01-16,14:30:00,75.97,-0.34,-0.004496,-0.000917,7,105.0,20.4
LONG_EMA_CROSS,2020-01-16,2020,1,14:30:00,75.97,2020-01-16,15:45:00,76.25,0.28,0.003686,0.000796,5,75.0,21.61
SHORT_EMA_CROSS,2020-01-27,2020,1,10:00:00,75.16,2020-01-27,15:45:00,74.7,0.46,0.00612,0.001962,23,345.0,32.06
LONG_EMA_CROSS,2020-01-28,2020,1,14:30:00,76.75,2020-01-28,15:45:00,76.83,0.08,0.001042,0.000267,5,75.0,25.63
SHORT_EMA_CROSS,2020-01-31,2020,1,10:30:00,76.35,2020-01-31,15:45:00,74.79,1.56,0.020432,0.004579,21,315.0,22.41
LONG_EMA_CROSS,2020-02-04,2020,2,12:45:00,76.97,2020-02-04,15:45:00,77.1,0.13,0.001689,0.000372,12,180.0,22.01
SHORT_EMA_CROSS,2020-02-10,2020,2,10:00:00,76.81,2020-02-10,15:45:00,77.93,-1.12,-0.014581,-0.003033,23,345.0,20.8
LONG_EMA_CROSS,2020-02-11,2020,2,10:15:00,78.09,2020-02-11,15:45:00,77.46,-0.63,-0.008068,-0.001808,22,330.0,22.41
SHORT_EMA_CROSS,2020-02-18,2020,2,09:45:00,77.01,2020-02-18,15:45:00,77.31,-0.3,-0.003896,-0.001061,24,360.0,27.24
LONG_EMA_CROSS,2020-02-19,2020,2,12:30:00,78.61,2020-02-19,15:45:00,78.43,-0.18,-0.00229,-0.000504,13,195.0,22.01
SHORT_EMA_CROSS,2020-02-20,2020,2,12:30:00,77.25,2020-02-20,15:45:00,77.63,-0.38,-0.004919,-0.001003,13,195.0,20.4
LONG_EMA_CROSS,2020-03-02,2020,3,12:15:00,70.29,2020-03-02,15:45:00,72.41,2.12,0.030161,0.006273,14,210.0,20.8
SHORT_EMA_CROSS,2020-03-06,2020,3,10:00:00,69.54,2020-03-06,15:45:00,70.01,-0.47,-0.006759,-0.001406,23,345.0,20.8
LONG_EMA_CROSS,2020-03-20,2020,3,11:00:00,60.68,2020-03-20,12:45:00,60.04,-0.64,-0.010547,-0.002194,7,105.0,20.8
SHORT_EMA_CROSS,2020-03-20,2020,3,12:45:00,60.04,2020-03-20,15:45:00,55.44,4.6,0.076616,0.01563,12,180.0,20.4
LONG_EMA_CROSS,2020-03-24,2020,3,13:30:00,58.27,2020-03-24,15:45:00,59.83,1.56,0.026772,0.006645,9,135.0,24.82
SHORT_EMA_CROSS,2020-04-01,2020,4,10:30:00,59.82,2020-04-01,15:45:00,58.35,1.47,0.024574,0.005903,21,315.0,24.02
LONG_EMA_CROSS,2020-04-06,2020,4,10:30:00,61.32,2020-04-06,15:45:00,63.59,2.27,0.037019,0.007552,21,315.0,20.4
SHORT_EMA_CROSS,2020-04-17,2020,4,12:30:00,68.08,2020-04-17,15:45:00,68.56,-0.48,-0.007051,-0.00141,13,195.0,20.0
LONG_EMA_CROSS,2020-04-23,2020,4,09:30:00,67.53,2020-04-23,15:45:00,66.62,-0.91,-0.013475,-0.002803,25,375.0,20.8
SHORT_EMA_CROSS,2020-05-13,2020,5,12:45:00,74.66,2020-05-13,15:45:00,74.77,-0.11,-0.001473,-0.000301,12,180.0,20.4
LONG_EMA_CROSS,2020-05-18,2020,5,10:15:00,75.96,2020-05-18,15:45:00,76.54,0.58,0.007636,0.001527,22,330.0,20.0
SHORT_EMA_CROSS,2020-05-27,2020,5,10:45:00,76.49,2020-05-27,15:45:00,77.3,-0.81,-0.01059,-0.00216,20,300.0,20.4
LONG_EMA_CROSS,2020-05-28,2020,5,10:45:00,77.88,2020-05-28,15:45:00,77.33,-0.55,-0.007062,-0.001412,20,300.0,20.0
SHORT_EMA_CROSS,2020-06-11,2020,6,15:15:00,81.84,2020-06-11,15:45:00,81.63,0.21,0.002566,0.000523,2,30.0,20.4
LONG_EMA_CROSS,2020-06-16,2020,6,09:45:00,85.5,2020-06-16,15:45:00,85.59,0.09,0.001053,0.000278,24,360.0,26.43
SHORT_EMA_CROSS,2020-06-19,2020,6,14:00:00,84.17,2020-06-19,15:45:00,84.94,-0.77,-0.009148,-0.001903,7,105.0,20.8
LONG_EMA_CROSS,2020-06-22,2020,6,10:45:00,86.16,2020-06-22,15:45:00,87.22,1.06,0.012303,0.002609,20,300.0,21.21
SHORT_EMA_CROSS,2020-06-25,2020,6,15:00:00,87.99,2020-06-25,15:30:00,88.18,-0.19,-0.002159,-0.000441,2,30.0,20.4
LONG_EMA_CROSS,2020-06-25,2020,6,15:30:00,88.18,2020-06-25,15:45:00,88.67,0.49,0.005557,0.001245,1,15.0,22.41
SHORT_EMA_CROSS,2020-06-26,2020,6,10:30:00,86.9,2020-06-26,15:45:00,85.95,0.95,0.010932,0.002889,21,315.0,26.43
LONG_EMA_CROSS,2020-06-30,2020,6,09:30:00,88.14,2020-06-30,15:45:00,88.6,0.46,0.005219,0.001149,25,375.0,22.01
SHORT_EMA_CROSS,2020-07-14,2020,7,11:30:00,93.25,2020-07-14,15:45:00,94.34,-1.09,-0.011689,-0.002385,17,255.0,20.4
LONG_EMA_CROSS,2020-07-15,2020,7,09:45:00,95.87,2020-07-15,15:45:00,95.0,-0.87,-0.009075,-0.001851,24,360.0,20.4
SHORT_EMA_CROSS,2020-07-16,2020,7,12:00:00,93.42,2020-07-16,15:45:00,93.86,-0.44,-0.00471,-0.000942,15,225.0,20.0
LONG_EMA_CROSS,2020-07-20,2020,7,11:30:00,94.83,2020-07-20,15:45:00,95.61,0.78,0.008225,0.00181,17,255.0,22.01
SHORT_EMA_CROSS,2020-07-22,2020,7,12:45:00,94.3,2020-07-22,15:45:00,94.56,-0.26,-0.002757,-0.000562,12,180.0,20.4
LONG_EMA_CROSS,2020-07-27,2020,7,15:15:00,92.05,2020-07-27,15:45:00,92.15,0.1,0.001086,0.00023,2,30.0,21.21
SHORT_EMA_CROSS,2020-07-28,2020,7,12:15:00,91.24,2020-07-28,14:00:00,91.44,-0.2,-0.002192,-0.000438,7,105.0,20.0
LONG_EMA_CROSS,2020-07-28,2020,7,14:00:00,91.44,2020-07-28,15:30:00,90.95,-0.49,-0.005359,-0.001201,6,90.0,22.41
SHORT_EMA_CROSS,2020-07-28,2020,7,15:30:00,90.95,2020-07-28,15:45:00,90.66,0.29,0.003189,0.000727,1,15.0,22.81
LONG_EMA_CROSS,2020-07-29,2020,7,10:30:00,92.08,2020-07-29,15:45:00,92.4,0.32,0.003475,0.001017,21,315.0,29.25
SHORT_EMA_CROSS,2020-08-11,2020,8,14:15:00,107.94,2020-08-11,15:45:00,106.51,1.43,0.013248,0.00265,6,90.0,20.0
LONG_EMA_CROSS,2020-08-12,2020,8,12:30:00,110.27,2020-08-12,15:45:00,110.1,-0.17,-0.001542,-0.000321,13,195.0,20.8
SHORT_EMA_CROSS,2020-08-28,2020,8,14:15:00,121.77,2020-08-28,15:45:00,121.47,0.3,0.002464,0.000493,6,90.0,20.0
SHORT_EMA_CROSS,2020-08-31,2020,8,09:30:00,124.95,2020-08-31,09:45:00,124.68,0.27,0.002161,0.000458,1,15.0,21.21
LONG_EMA_CROSS,2020-08-31,2020,8,09:45:00,124.68,2020-08-31,15:45:00,125.48,0.8,0.006416,0.001619,24,360.0,25.23
SHORT_EMA_CROSS,2020-09-03,2020,9,10:15:00,122.84,2020-09-03,15:45:00,117.76,5.08,0.041355,0.010434,22,330.0,25.23
LONG_EMA_CROSS,2020-09-15,2020,9,09:45:00,114.95,2020-09-15,15:45:00,112.52,-2.43,-0.02114,-0.004312,24,360.0,20.4
SHORT_EMA_CROSS,2020-09-16,2020,9,11:30:00,111.1,2020-09-16,15:45:00,109.19,1.91,0.017192,0.003438,17,255.0,20.0
LONG_EMA_CROSS,2020-09-22,2020,9,11:00:00,106.94,2020-09-22,15:45:00,108.87,1.93,0.018048,0.00361,19,285.0,20.0
SHORT_EMA_CROSS,2020-09-23,2020,9,15:00:00,104.97,2020-09-23,15:45:00,104.4,0.57,0.00543,0.001195,3,45.0,22.01
LONG_EMA_CROSS,2020-09-25,2020,9,11:15:00,107.56,2020-09-25,15:45:00,109.34,1.78,0.016549,0.003376,18,270.0,20.4
SHORT_EMA_CROSS,2020-10-02,2020,10,12:00:00,110.91,2020-10-02,15:45:00,110.06,0.85,0.007664,0.001717,15,225.0,22.41
LONG_EMA_CROSS,2020-10-05,2020,10,13:30:00,112.71,2020-10-05,15:45:00,113.49,0.78,0.00692,0.001439,9,135.0,20.8
SHORT_EMA_CROSS,2020-10-06,2020,10,12:00:00,111.9,2020-10-06,14:30:00,112.91,-1.01,-0.009026,-0.001951,10,150.0,21.61
LONG_EMA_CROSS,2020-10-06,2020,10,14:30:00,112.91,2020-10-06,15:00:00,110.68,-2.23,-0.01975,-0.004189,2,30.0,21.21
SHORT_EMA_CROSS,2020-10-06,2020,10,15:00:00,110.68,2020-10-06,15:45:00,110.2,0.48,0.004337,0.000902,3,45.0,20.8
LONG_EMA_CROSS,2020-10-07,2020,10,15:00:00,112.3,2020-10-07,15:45:00,112.02,-0.28,-0.002493,-0.000559,3,45.0,22.41
SHORT_EMA_CROSS,2020-10-15,2020,10,10:00:00,116.36,2020-10-15,15:45:00,117.54,-1.18,-0.010141,-0.00268,23,345.0,26.43
LONG_EMA_CROSS,2020-10-27,2020,10,11:45:00,114.05,2020-10-27,15:45:00,113.48,-0.57,-0.004998,-0.001,16,240.0,20.0
SHORT_EMA_CROSS,2020-10-28,2020,10,10:30:00,109.82,2020-10-28,15:45:00,108.22,1.6,0.014569,0.003148,21,315.0,21.61
LONG_EMA_CROSS,2020-10-29,2020,10,13:45:00,113.16,2020-10-29,15:45:00,111.59,-1.57,-0.013874,-0.00283,8,120.0,20.4
SHORT_EMA_CROSS,2020-10-30,2020,10,10:00:00,106.65,2020-10-30,15:45:00,106.1,0.55,0.005157,0.001031,23,345.0,20.0
LONG_EMA_CROSS,2020-11-03,2020,11,15:30:00,107.92,2020-11-03,15:45:00,107.49,-0.43,-0.003984,-0.000845,1,15.0,21.21
SHORT_EMA_CROSS,2020-11-10,2020,11,10:45:00,112.17,2020-11-10,15:45:00,113.13,-0.96,-0.008558,-0.001884,20,300.0,22.01
LONG_EMA_CROSS,2020-11-11,2020,11,12:30:00,116.47,2020-11-11,15:45:00,116.58,0.11,0.000944,0.000215,13,195.0,22.81
SHORT_EMA_CROSS,2020-11-18,2020,11,10:45:00,116.55,2020-11-18,15:45:00,115.11,1.44,0.012355,0.002818,20,300.0,22.81
LONG_EMA_CROSS,2020-11-25,2020,11,13:15:00,113.19,2020-11-25,15:45:00,113.18,-0.01,-8.8e-05,-1.8e-05,10,150.0,20.4
SHORT_EMA_CROSS,2020-12-04,2020,12,14:15:00,118.74,2020-12-04,15:45:00,119.25,-0.51,-0.004295,-0.000928,6,90.0,21.61
LONG_EMA_CROSS,2020-12-07,2020,12,09:45:00,121.39,2020-12-07,15:45:00,120.77,-0.62,-0.005108,-0.001062,24,360.0,20.8
SHORT_EMA_CROSS,2020-12-09,2020,12,14:15:00,119.22,2020-12-09,15:45:00,118.69,0.53,0.004446,0.000925,6,90.0,20.8
LONG_EMA_CROSS,2020-12-15,2020,12,09:45:00,123.38,2020-12-15,15:45:00,124.76,1.38,0.011185,0.002822,24,360.0,25.23
SHORT_EMA_CROSS,2020-12-18,2020,12,15:15:00,123.45,2020-12-18,15:45:00,123.55,-0.1,-0.00081,-0.000178,2,30.0,22.01
LONG_EMA_CROSS,2020-12-22,2020,12,09:45:00,130.85,2020-12-22,15:45:00,128.65,-2.2,-0.016813,-0.004511,24,360.0,26.83
SHORT_EMA_CROSS,2020-12-30,2020,12,13:45:00,131.24,2020-12-30,15:45:00,130.43,0.81,0.006172,0.001284,8,120.0,20.8
LONG_EMA_CROSS,2021-01-07,2021,1,14:45:00,127.57,2021-01-07,15:45:00,127.65,0.08,0.000627,0.00013,4,60.0,20.8
SHORT_EMA_CROSS,2021-01-11,2021,1,11:30:00,126.3,2021-01-11,15:45:00,125.82,0.48,0.0038,0.000852,17,255.0,22.41
LONG_EMA_CROSS,2021-01-13,2021,1,11:45:00,127.94,2021-01-13,15:45:00,127.67,-0.27,-0.00211,-0.000507,16,240.0,24.02
SHORT_EMA_CROSS,2021-01-14,2021,1,15:15:00,125.87,2021-01-14,15:45:00,125.76,0.11,0.000874,0.000199,2,30.0,22.81
LONG_EMA_CROSS,2021-01-20,2021,1,10:45:00,128.48,2021-01-20,15:45:00,128.74,0.26,0.002024,0.0006,20,300.0,29.65
SHORT_EMA_CROSS,2021-01-28,2021,1,10:30:00,135.52,2021-01-28,15:45:00,133.73,1.79,0.013208,0.002695,21,315.0,20.4
LONG_EMA_CROSS,2021-02-04,2021,2,11:30:00,132.23,2021-02-04,15:45:00,134.03,1.8,0.013613,0.002831,17,255.0,20.8
SHORT_EMA_CROSS,2021-02-10,2021,2,10:45:00,132.23,2021-02-10,15:45:00,132.24,-0.01,-7.6e-05,-1.7e-05,20,300.0,22.81
LONG_EMA_CROSS,2021-03-01,2021,3,10:45:00,122.72,2021-03-01,15:45:00,124.85,2.13,0.017357,0.003471,20,300.0,20.0
SHORT_EMA_CROSS,2021-03-03,2021,3,10:45:00,121.77,2021-03-03,15:45:00,119.25,2.52,0.020695,0.004389,20,300.0,21.21
LONG_EMA_CROSS,2021-03-09,2021,3,13:15:00,118.77,2021-03-09,15:45:00,118.29,-0.48,-0.004041,-0.000873,10,150.0,21.61
SHORT_EMA_CROSS,2021-03-12,2021,3,11:30:00,117.27,2021-03-12,15:45:00,118.26,-0.99,-0.008442,-0.001791,17,255.0,21.21
LONG_EMA_CROSS,2021-03-15,2021,3,10:00:00,120.38,2021-03-15,15:45:00,121.14,0.76,0.006313,0.001847,23,345.0,29.25
SHORT_EMA_CROSS,2021-03-17,2021,3,13:15:00,119.92,2021-03-17,15:00:00,122.43,-2.51,-0.020931,-0.00427,7,105.0,20.4
LONG_EMA_CROSS,2021-03-17,2021,3,15:00:00,122.43,2021-03-17,15:45:00,121.93,-0.5,-0.004084,-0.000997,3,45.0,24.42
SHORT_EMA_CROSS,2021-03-18,2021,3,10:15:00,119.37,2021-03-18,15:45:00,117.77,1.6,0.013404,0.002897,22,330.0,21.61
LONG_EMA_CROSS,2021-03-22,2021,3,12:45:00,120.59,2021-03-22,15:45:00,120.55,-0.04,-0.000332,-7.6e-05,12,180.0,22.81
SHORT_EMA_CROSS,2021-03-24,2021,3,11:00:00,119.09,2021-03-24,15:45:00,117.3,1.79,0.015031,0.003308,19,285.0,22.01
LONG_EMA_CROSS,2021-03-29,2021,3,11:30:00,118.38,2021-03-29,15:45:00,118.6,0.22,0.001858,0.000402,17,255.0,21.61
SHORT_EMA_CROSS,2021-03-30,2021,3,10:30:00,116.67,2021-03-30,15:45:00,117.22,-0.55,-0.004714,-0.001113,21,315.0,23.62
LONG_EMA_CROSS,2021-03-31,2021,3,10:15:00,119.93,2021-03-31,15:45:00,119.35,-0.58,-0.004836,-0.000987,22,330.0,20.4
SHORT_EMA_CROSS,2021-04-20,2021,4,12:00:00,130.33,2021-04-20,15:45:00,130.05,0.28,0.002148,0.000438,15,225.0,20.4
LONG_EMA_CROSS,2021-04-22,2021,4,12:00:00,130.55,2021-04-22,14:00:00,129.04,-1.51,-0.011566,-0.002406,8,120.0,20.8
SHORT_EMA_CROSS,2021-04-22,2021,4,14:00:00,129.04,2021-04-22,15:45:00,128.9,0.14,0.001085,0.000265,7,105.0,24.42
LONG_EMA_CROSS,2021-04-23,2021,4,12:00:00,131.25,2021-04-23,15:45:00,131.21,-0.04,-0.000305,-7.1e-05,15,225.0,23.22
SHORT_EMA_CROSS,2021-04-28,2021,4,11:45:00,130.16,2021-04-28,15:45:00,130.64,-0.48,-0.003688,-0.000797,16,240.0,21.61
LONG_EMA_CROSS,2021-05-07,2021,5,10:30:00,127.85,2021-05-07,15:45:00,127.43,-0.42,-0.003285,-0.000697,21,315.0,21.21
SHORT_EMA_CROSS,2021-05-10,2021,5,11:15:00,125.57,2021-05-10,15:45:00,124.15,1.42,0.011308,0.002307,18,270.0,20.4
LONG_EMA_CROSS,2021-05-14,2021,5,09:45:00,123.69,2021-05-14,15:45:00,124.73,1.04,0.008408,0.001851,24,360.0,22.01
SHORT_EMA_CROSS,2021-05-17,2021,5,14:45:00,122.92,2021-05-17,15:45:00,123.57,-0.65,-0.005288,-0.001185,4,60.0,22.41
LONG_EMA_CROSS,2021-05-18,2021,5,10:00:00,123.91,2021-05-18,15:45:00,122.18,-1.73,-0.013962,-0.003242,23,345.0,23.22
LONG_EMA_CROSS,2021-05-20,2021,5,11:30:00,124.29,2021-05-20,15:45:00,124.59,0.3,0.002414,0.000512,17,255.0,21.21
SHORT_EMA_CROSS,2021-05-24,2021,5,09:30:00,124.16,2021-05-24,09:45:00,123.95,0.21,0.001691,0.000352,1,15.0,20.8
LONG_EMA_CROSS,2021-05-24,2021,5,09:45:00,123.95,2021-05-24,15:45:00,124.38,0.43,0.003469,0.000875,24,360.0,25.23
SHORT_EMA_CROSS,2021-05-26,2021,5,14:00:00,123.99,2021-05-26,15:45:00,124.14,-0.15,-0.00121,-0.000252,7,105.0,20.8
LONG_EMA_CROSS,2021-05-27,2021,5,10:00:00,124.41,2021-05-27,13:15:00,123.85,-0.56,-0.004501,-0.001045,13,195.0,23.22
SHORT_EMA_CROSS,2021-05-27,2021,5,13:15:00,123.85,2021-05-27,15:45:00,122.64,1.21,0.00977,0.002229,10,150.0,22.81
LONG_EMA_CROSS,2021-06-04,2021,6,12:00:00,122.64,2021-06-04,15:45:00,123.19,0.55,0.004485,0.001185,15,225.0,26.43
SHORT_EMA_CROSS,2021-06-10,2021,6,14:45:00,123.64,2021-06-10,15:45:00,123.41,0.23,0.00186,0.000372,4,60.0,20.0
LONG_EMA_CROSS,2021-06-11,2021,6,10:30:00,124.13,2021-06-11,15:45:00,124.64,0.51,0.004109,0.000838,21,315.0,20.4
SHORT_EMA_CROSS,2021-06-25,2021,6,14:15:00,130.26,2021-06-25,15:45:00,130.26,-0.0,-0.0,-0.0,6,90.0,20.0
LONG_EMA_CROSS,2021-06-28,2021,6,10:00:00,132.08,2021-06-28,15:45:00,131.87,-0.21,-0.00159,-0.000356,23,345.0,22.41
SHORT_EMA_CROSS,2021-07-16,2021,7,14:45:00,143.4,2021-07-16,15:45:00,143.26,0.14,0.000976,0.000195,4,60.0,20.0
LONG_EMA_CROSS,2021-07-20,2021,7,14:15:00,143.8,2021-07-20,15:45:00,143.02,-0.78,-0.005424,-0.001128,6,90.0,20.8
SHORT_EMA_CROSS,2021-07-21,2021,7,15:45:00,142.28,2021-07-22,09:45:00,143.69,-1.41,-0.00991,-0.001982,2,1080.0,20.0
LONG_EMA_CROSS,2021-07-22,2021,7,09:45:00,143.69,2021-07-22,15:45:00,143.66,-0.03,-0.000209,-5.3e-05,24,360.0,25.23
SHORT_EMA_CROSS,2021-07-27,2021,7,12:00:00,142.8,2021-07-27,15:45:00,143.64,-0.84,-0.005882,-0.001342,15,225.0,22.81
LONG_EMA_CROSS,2021-08-02,2021,8,11:15:00,143.41,2021-08-02,15:45:00,142.41,-1.0,-0.006973,-0.00145,18,270.0,20.8
SHORT_EMA_CROSS,2021-08-06,2021,8,11:45:00,143.37,2021-08-06,15:45:00,143.23,0.14,0.000976,0.000235,16,240.0,24.02
LONG_EMA_CROSS,2021-08-10,2021,8,10:30:00,143.01,2021-08-10,10:45:00,143.01,0.0,0.0,0.0,1,15.0,20.4
SHORT_EMA_CROSS,2021-08-10,2021,8,10:45:00,143.01,2021-08-10,15:45:00,142.71,0.3,0.002098,0.000512,20,300.0,24.42
LONG_EMA_CROSS,2021-08-12,2021,8,10:00:00,144.35,2021-08-12,15:45:00,145.93,1.58,0.010946,0.003422,23,345.0,31.26
SHORT_EMA_CROSS,2021-08-18,2021,8,12:30:00,145.76,2021-08-18,15:45:00,143.45,2.31,0.015848,0.003233,13,195.0,20.4
LONG_EMA_CROSS,2021-08-23,2021,8,10:00:00,146.07,2021-08-23,15:45:00,146.72,0.65,0.00445,0.001194,23,345.0,26.83
SHORT_EMA_CROSS,2021-08-25,2021,8,11:45:00,145.3,2021-08-25,15:45:00,145.42,-0.12,-0.000826,-0.000165,16,240.0,20.0
LONG_EMA_CROSS,2021-08-27,2021,8,15:45:00,145.64,2021-08-30,15:45:00,150.05,4.41,0.03028,0.006422,26,4320.0,21.21
SHORT_EMA_CROSS,2021-09-09,2021,9,13:30:00,151.36,2021-09-09,15:45:00,151.05,0.31,0.002048,0.000443,9,135.0,21.61
LONG_EMA_CROSS,2021-09-22,2021,9,12:00:00,142.61,2021-09-22,15:45:00,142.93,0.32,0.002244,0.000449,15,225.0,20.0
SHORT_EMA_CROSS,2021-09-27,2021,9,11:15:00,142.04,2021-09-27,15:45:00,142.49,-0.45,-0.003168,-0.000634,18,270.0,20.0
LONG_EMA_CROSS,2021-10-05,2021,10,13:45:00,139.16,2021-10-05,15:45:00,138.29,-0.87,-0.006252,-0.001376,8,120.0,22.01
SHORT_EMA_CROSS,2021-10-06,2021,10,11:15:00,136.92,2021-10-06,15:00:00,138.49,-1.57,-0.011467,-0.002339,15,225.0,20.4
LONG_EMA_CROSS,2021-10-06,2021,10,15:00:00,138.49,2021-10-06,15:45:00,139.14,0.65,0.004693,0.001014,3,45.0,21.61
SHORT_EMA_CROSS,2021-10-12,2021,10,10:30:00,138.86,2021-10-12,15:45:00,138.64,0.22,0.001584,0.000349,21,315.0,22.01
LONG_EMA_CROSS,2021-10-14,2021,10,11:45:00,140.35,2021-10-14,15:45:00,140.89,0.54,0.003848,0.000816,16,240.0,21.21
SHORT_EMA_CROSS,2021-10-25,2021,10,10:45:00,145.12,2021-10-25,15:45:00,145.69,-0.57,-0.003928,-0.000801,20,300.0,20.4
LONG_EMA_CROSS,2021-10-26,2021,10,09:45:00,146.65,2021-10-26,15:45:00,146.29,-0.36,-0.002455,-0.000511,24,360.0,20.8
SHORT_EMA_CROSS,2021-10-29,2021,10,11:00:00,144.15,2021-10-29,15:45:00,146.82,-2.67,-0.018522,-0.00497,19,285.0,26.83
LONG_EMA_CROSS,2021-11-02,2021,11,11:15:00,148.15,2021-11-02,15:45:00,147.03,-1.12,-0.00756,-0.001542,18,270.0,20.4
SHORT_EMA_CROSS,2021-11-08,2021,11,12:15:00,147.65,2021-11-08,15:45:00,147.67,-0.02,-0.000135,-2.9e-05,14,210.0,21.61
LONG_EMA_CROSS,2021-11-09,2021,11,12:45:00,148.21,2021-11-09,15:45:00,148.04,-0.17,-0.001147,-0.000252,12,180.0,22.01
SHORT_EMA_CROSS,2021-11-10,2021,11,09:45:00,146.27,2021-11-10,15:45:00,145.19,1.08,0.007384,0.003258,24,360.0,44.12
LONG_EMA_CROSS,2021-11-12,2021,11,13:30:00,147.1,2021-11-12,15:45:00,147.22,0.12,0.000816,0.000232,9,135.0,28.44
SHORT_EMA_CROSS,2021-11-26,2021,11,10:15:00,155.22,2021-11-26,12:45:00,153.98,1.24,0.007989,0.001855,10,150.0,23.22
LONG_EMA_CROSS,2021-11-29,2021,11,14:30:00,157.75,2021-11-29,15:45:00,157.27,-0.48,-0.003043,-0.000609,5,75.0,20.0
SHORT_EMA_CROSS,2021-12-02,2021,12,11:30:00,158.51,2021-12-02,15:45:00,160.76,-2.25,-0.014195,-0.004152,17,255.0,29.25
LONG_EMA_CROSS,2021-12-06,2021,12,11:00:00,161.94,2021-12-06,15:45:00,162.24,0.3,0.001853,0.0004,19,285.0,21.61
SHORT_EMA_CROSS,2021-12-14,2021,12,11:15:00,170.3,2021-12-14,15:45:00,171.12,-0.82,-0.004815,-0.000982,18,270.0,20.4
LONG_EMA_CROSS,2021-12-15,2021,12,15:45:00,175.99,2021-12-16,13:00:00,170.48,-5.51,-0.031309,-0.006641,15,1275.0,21.21
SHORT_EMA_CROSS,2021-12-16,2021,12,13:00:00,170.48,2021-12-16,15:45:00,169.07,1.41,0.008271,0.001687,11,165.0,20.4
LONG_EMA_CROSS,2021-12-21,2021,12,15:15:00,169.39,2021-12-21,15:45:00,169.78,0.39,0.002302,0.00047,2,30.0,20.4
SHORT_EMA_CROSS,2021-12-31,2021,12,10:00:00,174.68,2021-12-31,15:45:00,174.33,0.35,0.002004,0.000417,23,345.0,20.8
LONG_EMA_CROSS,2022-01-03,2022,1,10:45:00,177.62,2022-01-03,15:45:00,178.64,1.02,0.005743,0.001264,20,300.0,22.01
SHORT_EMA_CROSS,2022-01-05,2022,1,09:45:00,175.97,2022-01-05,15:45:00,171.7,4.27,0.024265,0.005438,24,360.0,22.41
LONG_EMA_CROSS,2022-01-11,2022,1,12:45:00,171.04,2022-01-11,15:45:00,171.85,0.81,0.004736,0.001195,12,180.0,25.23
SHORT_EMA_CROSS,2022-01-13,2022,1,14:45:00,170.17,2022-01-13,15:45:00,169.14,1.03,0.006053,0.001211,4,60.0,20.0
LONG_EMA_CROSS,2022-01-26,2022,1,11:30:00,159.89,2022-01-26,15:45:00,156.8,-3.09,-0.019326,-0.003942,17,255.0,20.4
SHORT_EMA_CROSS,2022-01-27,2022,1,13:45:00,156.81,2022-01-27,15:45:00,156.25,0.56,0.003571,0.000714,8,120.0,20.0
LONG_EMA_CROSS,2022-01-28,2022,1,10:30:00,162.48,2022-01-28,15:45:00,167.15,4.67,0.028742,0.006904,21,315.0,24.02
SHORT_EMA_CROSS,2022-02-04,2022,2,10:45:00,168.27,2022-02-04,15:45:00,169.35,-1.08,-0.006418,-0.001284,20,300.0,20.0
LONG_EMA_CROSS,2022-02-08,2022,2,12:30:00,172.06,2022-02-08,15:45:00,171.81,-0.25,-0.001453,-0.000296,13,195.0,20.4
SHORT_EMA_CROSS,2022-02-10,2022,2,14:15:00,170.08,2022-02-10,15:45:00,169.29,0.79,0.004645,0.000966,6,90.0,20.8
LONG_EMA_CROSS,2022-02-15,2022,2,14:00:00,168.79,2022-02-15,15:45:00,169.75,0.96,0.005688,0.00116,7,105.0,20.4
SHORT_EMA_CROSS,2022-02-17,2022,2,14:15:00,166.88,2022-02-17,15:45:00,166.01,0.87,0.005213,0.001127,6,90.0,21.61
LONG_EMA_CROSS,2022-02-25,2022,2,12:30:00,161.86,2022-02-25,15:45:00,162.03,0.17,0.00105,0.000231,13,195.0,22.01
SHORT_EMA_CROSS,2022-03-01,2022,3,15:45:00,160.37,2022-03-02,10:45:00,161.76,-1.39,-0.008667,-0.001942,6,1140.0,22.41
LONG_EMA_CROSS,2022-03-02,2022,3,10:45:00,161.76,2022-03-02,15:45:00,163.67,1.91,0.011808,0.002693,20,300.0,22.81
SHORT_EMA_CROSS,2022-03-04,2022,3,11:00:00,159.6,2022-03-04,15:45:00,160.41,-0.81,-0.005075,-0.001117,19,285.0,22.01
LONG_EMA_CROSS,2022-03-09,2022,3,13:45:00,159.19,2022-03-09,15:45:00,160.17,0.98,0.006156,0.00128,8,120.0,20.8
SHORT_EMA_CROSS,2022-03-10,2022,3,10:30:00,155.29,2022-03-10,15:45:00,155.79,-0.5,-0.00322,-0.000877,21,315.0,27.24
LONG_EMA_CROSS,2022-03-16,2022,3,10:15:00,155.08,2022-03-16,15:45:00,156.84,1.76,0.011349,0.002635,22,330.0,23.22
SHORT_EMA_CROSS,2022-03-31,2022,3,14:45:00,173.86,2022-03-31,15:45:00,171.67,2.19,0.012596,0.002519,4,60.0,20.0
LONG_EMA_CROSS,2022-04-04,2022,4,11:45:00,174.2,2022-04-04,15:45:00,175.39,1.19,0.006831,0.001531,16,240.0,22.41
SHORT_EMA_CROSS,2022-04-05,2022,4,14:30:00,172.31,2022-04-05,15:45:00,172.02,0.29,0.001683,0.00037,5,75.0,22.01
LONG_EMA_CROSS,2022-04-13,2022,4,12:30:00,167.9,2022-04-13,15:45:00,167.46,-0.44,-0.002621,-0.000577,13,195.0,22.01
SHORT_EMA_CROSS,2022-04-14,2022,4,12:15:00,164.08,2022-04-14,15:45:00,162.43,1.65,0.010056,0.002213,14,210.0,22.01
LONG_EMA_CROSS,2022-04-20,2022,4,09:30:00,164.19,2022-04-20,15:45:00,164.35,0.16,0.000974,0.000203,25,375.0,20.8
SHORT_EMA_CROSS,2022-04-22,2022,4,10:00:00,163.2,2022-04-22,15:45:00,159.09,4.11,0.025184,0.005037,23,345.0,20.0
LONG_EMA_CROSS,2022-04-28,2022,4,12:30:00,159.76,2022-04-28,15:45:00,161.18,1.42,0.008888,0.001885,13,195.0,21.21
SHORT_EMA_CROSS,2022-04-29,2022,4,15:15:00,156.01,2022-04-29,15:45:00,154.94,1.07,0.006859,0.001399,2,30.0,20.4
LONG_EMA_CROSS,2022-05-03,2022,5,14:00:00,156.64,2022-05-03,15:45:00,156.73,0.09,0.000575,0.000122,7,105.0,21.21
SHORT_EMA_CROSS,2022-05-05,2022,5,13:15:00,154.86,2022-05-05,15:45:00,154.11,0.75,0.004843,0.001027,10,150.0,21.21
LONG_EMA_CROSS,2022-05-17,2022,5,10:00:00,145.16,2022-05-17,15:45:00,146.88,1.72,0.011849,0.002465,23,345.0,20.8
SHORT_EMA_CROSS,2022-05-18,2022,5,11:30:00,141.75,2022-05-18,15:45:00,138.6,3.15,0.022222,0.004891,17,255.0,22.01
LONG_EMA_CROSS,2022-05-23,2022,5,12:45:00,140.14,2022-05-23,15:45:00,140.89,0.75,0.005352,0.001328,12,180.0,24.82
SHORT_EMA_CROSS,2022-05-24,2022,5,13:00:00,136.2,2022-05-24,15:45:00,138.2,-2.0,-0.014684,-0.002937,11,165.0,20.0
LONG_EMA_CROSS,2022-05-25,2022,5,10:30:00,138.42,2022-05-25,13:15:00,137.05,-1.37,-0.009897,-0.002178,11,165.0,22.01
SHORT_EMA_CROSS,2022-05-25,2022,5,13:15:00,137.05,2022-05-25,14:45:00,138.86,-1.81,-0.013207,-0.002641,6,90.0,20.0
LONG_EMA_CROSS,2022-05-25,2022,5,14:45:00,138.86,2022-05-25,15:45:00,138.48,-0.38,-0.002737,-0.000668,4,60.0,24.42
SHORT_EMA_CROSS,2022-06-03,2022,6,11:00:00,142.27,2022-06-03,15:45:00,143.09,-0.82,-0.005764,-0.001755,19,285.0,30.45
LONG_EMA_CROSS,2022-06-07,2022,6,13:15:00,145.83,2022-06-07,15:45:00,146.34,0.51,0.003497,0.000727,10,150.0,20.8
SHORT_EMA_CROSS,2022-06-09,2022,6,11:00:00,144.09,2022-06-09,15:45:00,140.35,3.74,0.025956,0.005505,19,285.0,21.21
LONG_EMA_CROSS,2022-06-21,2022,6,10:00:00,134.13,2022-06-21,15:45:00,133.72,-0.41,-0.003057,-0.000636,23,345.0,20.8
SHORT_EMA_CROSS,2022-06-28,2022,6,14:00:00,136.19,2022-06-28,15:45:00,135.27,0.92,0.006755,0.001378,7,105.0,20.4
LONG_EMA_CROSS,2022-07-05,2022,7,10:30:00,136.93,2022-07-05,15:45:00,139.35,2.42,0.017673,0.003676,21,315.0,20.8
SHORT_EMA_CROSS,2022-07-13,2022,7,11:30:00,142.69,2022-07-13,15:45:00,143.15,-0.46,-0.003224,-0.000645,17,255.0,20.0
LONG_EMA_CROSS,2022-07-14,2022,7,13:15:00,145.08,2022-07-14,15:45:00,146.14,1.06,0.007306,0.001461,10,150.0,20.0
SHORT_EMA_CROSS,2022-07-19,2022,7,10:15:00,146.08,2022-07-19,11:00:00,147.51,-1.43,-0.009789,-0.001997,3,45.0,20.4
LONG_EMA_CROSS,2022-07-19,2022,7,11:00:00,147.51,2022-07-19,15:45:00,148.59,1.08,0.007322,0.001582,19,285.0,21.61
SHORT_EMA_CROSS,2022-07-25,2022,7,14:15:00,150.51,2022-07-25,15:45:00,150.56,-0.05,-0.000332,-7.3e-05,6,90.0,22.01
LONG_EMA_CROSS,2022-07-27,2022,7,11:15:00,151.36,2022-07-27,15:45:00,154.24,2.88,0.019027,0.004036,18,270.0,21.21
SHORT_EMA_CROSS,2022-08-09,2022,8,10:15:00,162.02,2022-08-09,13:30:00,162.63,-0.61,-0.003765,-0.000753,13,195.0,20.0
LONG_EMA_CROSS,2022-08-09,2022,8,13:30:00,162.63,2022-08-09,15:45:00,162.54,-0.09,-0.000553,-0.000111,9,135.0,20.0
SHORT_EMA_CROSS,2022-08-19,2022,8,11:00:00,169.4,2022-08-19,15:45:00,169.05,0.35,0.002066,0.000438,19,285.0,21.21
LONG_EMA_CROSS,2022-08-25,2022,8,11:45:00,166.61,2022-08-25,15:45:00,167.68,1.07,0.006422,0.00131,16,240.0,20.4
SHORT_EMA_CROSS,2022-08-26,2022,8,12:00:00,164.37,2022-08-26,15:45:00,161.3,3.07,0.018677,0.004186,15,225.0,22.41
LONG_EMA_CROSS,2022-09-09,2022,9,11:30:00,154.72,2022-09-09,15:45:00,155.08,0.36,0.002327,0.000475,17,255.0,20.4
SHORT_EMA_CROSS,2022-09-13,2022,9,13:00:00,154.13,2022-09-13,15:45:00,151.63,2.5,0.01622,0.003244,11,165.0,20.0
LONG_EMA_CROSS,2022-09-19,2022,9,15:00:00,151.71,2022-09-19,15:45:00,152.31,0.6,0.003955,0.000807,3,45.0,20.4
SHORT_EMA_CROSS,2022-09-22,2022,9,10:45:00,149.58,2022-09-22,15:45:00,150.5,-0.92,-0.006151,-0.00123,20,300.0,20.0
LONG_EMA_CROSS,2022-09-27,2022,9,10:45:00,151.25,2022-09-27,12:45:00,149.51,-1.74,-0.011504,-0.002486,8,120.0,21.61
SHORT_EMA_CROSS,2022-09-27,2022,9,12:45:00,149.51,2022-09-27,15:45:00,149.56,-0.05,-0.000334,-6.7e-05,12,180.0,20.0
LONG_EMA_CROSS,2022-10-04,2022,10,10:30:00,143.78,2022-10-04,15:45:00,144.05,0.27,0.001878,0.000527,21,315.0,28.04
SHORT_EMA_CROSS,2022-10-07,2022,10,10:15:00,139.09,2022-10-07,15:45:00,138.08,1.01,0.007261,0.001598,22,330.0,22.01
LONG_EMA_CROSS,2022-10-13,2022,10,14:00:00,139.43,2022-10-13,15:45:00,140.85,1.42,0.010184,0.00216,7,105.0,21.21
SHORT_EMA_CROSS,2022-10-14,2022,10,14:15:00,136.74,2022-10-14,15:45:00,136.44,0.3,0.002194,0.000465,6,90.0,21.21
LONG_EMA_CROSS,2022-10-17,2022,10,10:15:00,139.58,2022-10-17,15:45:00,140.35,0.77,0.005517,0.001125,22,330.0,20.4
SHORT_EMA_CROSS,2022-10-27,2022,10,10:00:00,145.94,2022-10-27,15:45:00,142.91,3.03,0.020762,0.004152,23,345.0,20.0
LONG_EMA_CROSS,2022-10-28,2022,10,11:00:00,154.15,2022-10-28,15:45:00,153.46,-0.69,-0.004476,-0.001021,19,285.0,22.81
SHORT_EMA_CROSS,2022-11-01,2022,11,11:45:00,147.9,2022-11-01,15:45:00,148.4,-0.5,-0.003381,-0.000717,16,240.0,21.21
LONG_EMA_CROSS,2022-11-08,2022,11,12:30:00,139.35,2022-11-08,15:45:00,137.73,-1.62,-0.011625,-0.002325,13,195.0,20.0
SHORT_EMA_CROSS,2022-11-09,2022,11,10:15:00,135.42,2022-11-09,15:45:00,133.15,2.27,0.016763,0.003555,22,330.0,21.21
LONG_EMA_CROSS,2022-11-10,2022,11,10:45:00,141.38,2022-11-10,15:45:00,144.92,3.54,0.025039,0.005511,20,300.0,22.01
SHORT_EMA_CROSS,2022-11-16,2022,11,15:00:00,146.69,2022-11-16,15:45:00,146.88,-0.19,-0.001295,-0.000259,3,45.0,20.0
LONG_EMA_CROSS,2022-11-17,2022,11,12:45:00,149.25,2022-11-17,15:45:00,148.82,-0.43,-0.002881,-0.000611,12,180.0,21.21
SHORT_EMA_CROSS,2022-11-21,2022,11,11:15:00,146.44,2022-11-21,15:45:00,146.13,0.31,0.002117,0.000466,18,270.0,22.01
LONG_EMA_CROSS,2022-11-22,2022,11,15:30:00,148.08,2022-11-22,15:45:00,148.31,0.23,0.001553,0.000354,1,15.0,22.81
SHORT_EMA_CROSS,2022-11-25,2022,11,11:00:00,146.21,2022-11-25,12:45:00,146.27,-0.06,-0.00041,-9.4e-05,7,105.0,22.81
LONG_EMA_CROSS,2022-11-30,2022,11,15:45:00,146.12,2022-12-01,15:45:00,146.42,0.3,0.002053,0.000427,26,1440.0,20.8
SHORT_EMA_CROSS,2022-12-05,2022,12,15:45:00,144.74,2022-12-06,15:45:00,141.09,3.65,0.025218,0.005044,26,1440.0,20.0
LONG_EMA_CROSS,2022-12-09,2022,12,11:45:00,143.15,2022-12-09,15:45:00,140.37,-2.78,-0.01942,-0.00443,16,240.0,22.81
SHORT_EMA_CROSS,2022-12-12,2022,12,11:00:00,140.54,2022-12-12,15:45:00,142.65,-2.11,-0.015014,-0.003184,19,285.0,21.21
LONG_EMA_CROSS,2022-12-13,2022,12,09:30:00,147.54,2022-12-13,15:45:00,143.63,-3.91,-0.026501,-0.006366,25,375.0,24.02
SHORT_EMA_CROSS,2022-12-14,2022,12,15:30:00,141.47,2022-12-14,15:45:00,141.39,0.08,0.000565,0.000113,1,15.0,20.0
LONG_EMA_CROSS,2022-12-21,2022,12,11:45:00,133.78,2022-12-21,15:45:00,133.7,-0.08,-0.000598,-0.000127,16,240.0,21.21
SHORT_EMA_CROSS,2022-12-22,2022,12,11:00:00,130.05,2022-12-22,15:45:00,130.56,-0.51,-0.003922,-0.000784,19,285.0,20.0
LONG_EMA_CROSS,2022-12-29,2022,12,15:00:00,128.12,2022-12-29,15:45:00,127.9,-0.22,-0.001717,-0.000357,3,45.0,20.8
SHORT_EMA_CROSS,2022-12-30,2022,12,10:00:00,126.31,2022-12-30,15:45:00,128.25,-1.94,-0.015359,-0.003258,23,345.0,21.21
LONG_EMA_CROSS,2023-01-06,2023,1,12:15:00,126.69,2023-01-06,15:45:00,127.84,1.15,0.009077,0.002071,14,210.0,22.81
SHORT_EMA_CROSS,2023-01-19,2023,1,12:00:00,132.87,2023-01-19,15:00:00,133.9,-1.03,-0.007752,-0.001581,12,180.0,20.4
LONG_EMA_CROSS,2023-01-19,2023,1,15:00:00,133.9,2023-01-19,15:45:00,133.56,-0.34,-0.002539,-0.000528,3,45.0,20.8
SHORT_EMA_CROSS,2023-01-20,2023,1,10:15:00,133.32,2023-01-20,11:30:00,133.4,-0.08,-0.0006,-0.000125,5,75.0,20.8
LONG_EMA_CROSS,2023-01-20,2023,1,11:30:00,133.4,2023-01-20,11:45:00,133.58,0.18,0.001349,0.00027,1,15.0,20.0
SHORT_EMA_CROSS,2023-01-20,2023,1,11:45:00,133.58,2023-01-20,12:00:00,133.71,-0.13,-0.000973,-0.000199,1,15.0,20.4
LONG_EMA_CROSS,2023-01-20,2023,1,12:00:00,133.71,2023-01-20,15:45:00,136.08,2.37,0.017725,0.003616,15,225.0,20.4
SHORT_EMA_CROSS,2023-01-30,2023,1,15:15:00,141.22,2023-01-30,15:45:00,141.2,0.02,0.000142,3.9e-05,2,30.0,27.24
LONG_EMA_CROSS,2023-02-01,2023,2,15:45:00,143.6,2023-02-02,15:45:00,148.99,5.39,0.037535,0.007657,26,1440.0,20.4
SHORT_EMA_CROSS,2023-02-08,2023,2,13:45:00,150.02,2023-02-08,15:45:00,149.99,0.03,0.0002,4.2e-05,8,120.0,21.21
LONG_EMA_CROSS,2023-02-09,2023,2,11:00:00,151.47,2023-02-09,14:30:00,150.01,-1.46,-0.009639,-0.002044,14,210.0,21.21
SHORT_EMA_CROSS,2023-02-09,2023,2,14:30:00,150.01,2023-02-09,15:45:00,148.95,1.06,0.007066,0.001413,5,75.0,20.0
LONG_EMA_CROSS,2023-02-13,2023,2,11:30:00,151.78,2023-02-13,15:45:00,152.11,0.33,0.002174,0.000452,17,255.0,20.8
SHORT_EMA_CROSS,2023-02-17,2023,2,10:45:00,150.3,2023-02-17,15:45:00,150.82,-0.52,-0.00346,-0.000706,20,300.0,20.4
LONG_EMA_CROSS,2023-02-27,2023,2,14:15:00,146.74,2023-02-27,15:45:00,146.25,-0.49,-0.003339,-0.000695,6,90.0,20.8
SHORT_EMA_CROSS,2023-02-28,2023,2,11:00:00,146.3,2023-02-28,11:30:00,146.13,0.17,0.001162,0.000242,2,30.0,20.8
LONG_EMA_CROSS,2023-02-28,2023,2,11:30:00,146.13,2023-02-28,15:45:00,145.74,-0.39,-0.002669,-0.000555,17,255.0,20.8
SHORT_EMA_CROSS,2023-03-01,2023,3,10:15:00,144.02,2023-03-01,15:45:00,143.69,0.33,0.002291,0.000633,22,330.0,27.64
LONG_EMA_CROSS,2023-03-03,2023,3,10:30:00,148.08,2023-03-03,15:45:00,149.4,1.32,0.008914,0.002966,21,315.0,33.27
SHORT_EMA_CROSS,2023-03-09,2023,3,15:30:00,149.12,2023-03-09,15:45:00,148.83,0.29,0.001945,0.000483,1,15.0,24.82
LONG_EMA_CROSS,2023-03-13,2023,3,13:45:00,150.21,2023-03-13,15:45:00,148.76,-1.45,-0.009653,-0.002008,8,120.0,20.8
SHORT_EMA_CROSS,2023-03-15,2023,3,10:45:00,149.23,2023-03-15,14:45:00,151.16,-1.93,-0.012933,-0.002847,16,240.0,22.01
LONG_EMA_CROSS,2023-03-15,2023,3,14:45:00,151.16,2023-03-15,15:45:00,151.26,0.1,0.000662,0.000156,4,60.0,23.62
SHORT_EMA_CROSS,2023-03-24,2023,3,11:45:00,157.3,2023-03-24,14:45:00,157.87,-0.57,-0.003624,-0.000769,12,180.0,21.21
LONG_EMA_CROSS,2023-03-24,2023,3,14:45:00,157.87,2023-03-24,15:45:00,158.44,0.57,0.003611,0.000751,4,60.0,20.8
SHORT_EMA_CROSS,2023-03-27,2023,3,13:00:00,156.33,2023-03-27,15:45:00,156.51,-0.18,-0.001151,-0.000263,11,165.0,22.81
LONG_EMA_CROSS,2023-03-29,2023,3,11:30:00,158.04,2023-03-29,15:45:00,158.97,0.93,0.005885,0.001437,17,255.0,24.42
SHORT_EMA_CROSS,2023-04-05,2023,4,12:00:00,160.6,2023-04-05,15:45:00,161.9,-1.3,-0.008095,-0.001717,15,225.0,21.21
LONG_EMA_CROSS,2023-04-06,2023,4,14:15:00,162.95,2023-04-06,15:45:00,162.79,-0.16,-0.000982,-0.000196,6,90.0,20.0
SHORT_EMA_CROSS,2023-04-10,2023,4,09:45:00,158.67,2023-04-10,15:45:00,160.2,-1.53,-0.009643,-0.001967,24,360.0,20.4
LONG_EMA_CROSS,2023-04-13,2023,4,10:45:00,161.34,2023-04-13,15:45:00,163.73,2.39,0.014813,0.003081,20,300.0,20.8
SHORT_EMA_CROSS,2023-04-21,2023,4,10:15:00,163.51,2023-04-21,15:45:00,163.16,0.35,0.002141,0.000445,22,330.0,20.8
LONG_EMA_CROSS,2023-04-27,2023,4,10:45:00,164.36,2023-04-27,15:45:00,166.51,2.15,0.013081,0.002616,20,300.0,20.0
SHORT_EMA_CROSS,2023-05-04,2023,5,09:45:00,163.3,2023-05-04,15:45:00,163.91,-0.61,-0.003735,-0.000762,24,360.0,20.4
LONG_EMA_CROSS,2023-05-05,2023,5,10:30:00,171.98,2023-05-05,15:45:00,171.66,-0.32,-0.001861,-0.000395,21,315.0,21.21
SHORT_EMA_CROSS,2023-05-12,2023,5,13:00:00,169.86,2023-05-12,15:45:00,170.83,-0.97,-0.005711,-0.001188,11,165.0,20.8
LONG_EMA_CROSS,2023-05-16,2023,5,15:45:00,170.37,2023-05-17,09:30:00,169.67,-0.7,-0.004109,-0.000822,1,1065.0,20.0
SHORT_EMA_CROSS,2023-05-17,2023,5,09:30:00,169.67,2023-05-17,15:45:00,170.94,-1.27,-0.007485,-0.001557,25,375.0,20.8
LONG_EMA_CROSS,2023-05-18,2023,5,09:30:00,171.07,2023-05-18,15:45:00,173.34,2.27,0.013269,0.002814,25,375.0,21.21
SHORT_EMA_CROSS,2023-05-23,2023,5,09:45:00,171.23,2023-05-23,15:45:00,169.85,1.38,0.008059,0.001774,24,360.0,22.01
LONG_EMA_CROSS,2023-05-25,2023,5,13:45:00,171.66,2023-05-25,15:45:00,171.29,-0.37,-0.002155,-0.000492,8,120.0,22.81
SHORT_EMA_CROSS,2023-06-06,2023,6,10:45:00,176.76,2023-06-06,15:45:00,177.38,-0.62,-0.003508,-0.000758,20,300.0,21.61
LONG_EMA_CROSS,2023-06-08,2023,6,15:00:00,178.11,2023-06-08,15:45:00,178.75,0.64,0.003593,0.000747,3,45.0,20.8
SHORT_EMA_CROSS,2023-06-21,2023,6,10:45:00,181.68,2023-06-21,15:45:00,182.14,-0.46,-0.002532,-0.000547,20,300.0,21.61
LONG_EMA_CROSS,2023-06-22,2023,6,11:00:00,184.52,2023-06-22,15:45:00,185.12,0.6,0.003252,0.000663,19,285.0,20.4
SHORT_EMA_CROSS,2023-06-27,2023,6,09:30:00,184.89,2023-06-27,09:45:00,185.04,-0.15,-0.000811,-0.000162,1,15.0,20.0
LONG_EMA_CROSS,2023-06-27,2023,6,09:45:00,185.04,2023-06-27,15:45:00,186.19,1.15,0.006215,0.001293,24,360.0,20.8
SHORT_EMA_CROSS,2023-07-06,2023,7,09:30:00,188.2,2023-07-06,15:45:00,189.88,-1.68,-0.008927,-0.001821,25,375.0,20.4
LONG_EMA_CROSS,2023-07-07,2023,7,12:15:00,190.25,2023-07-07,15:45:00,188.82,-1.43,-0.007516,-0.001654,14,210.0,22.01
SHORT_EMA_CROSS,2023-07-10,2023,7,10:00:00,186.92,2023-07-10,15:45:00,186.76,0.16,0.000856,0.000223,23,345.0,26.03
LONG_EMA_CROSS,2023-07-12,2023,7,13:15:00,187.98,2023-07-12,15:45:00,187.94,-0.04,-0.000213,-4.3e-05,10,150.0,20.0
SHORT_EMA_CROSS,2023-07-21,2023,7,10:30:00,190.98,2023-07-21,15:45:00,190.03,0.95,0.004974,0.001015,21,315.0,20.4
LONG_EMA_CROSS,2023-07-25,2023,7,12:00:00,191.91,2023-07-25,15:45:00,191.71,-0.2,-0.001042,-0.000217,15,225.0,20.8
SHORT_EMA_CROSS,2023-07-28,2023,7,09:30:00,193.34,2023-07-28,09:45:00,193.71,-0.37,-0.001914,-0.00039,1,15.0,20.4
LONG_EMA_CROSS,2023-07-28,2023,7,09:45:00,193.71,2023-07-28,15:45:00,193.9,0.19,0.000981,0.000208,24,360.0,21.21
SHORT_EMA_CROSS,2023-08-02,2023,8,09:45:00,192.07,2023-08-02,15:45:00,190.68,1.39,0.007237,0.001564,24,360.0,21.61
LONG_EMA_CROSS,2023-08-14,2023,8,11:45:00,177.48,2023-08-14,15:45:00,177.97,0.49,0.002761,0.000563,16,240.0,20.4
SHORT_EMA_CROSS,2023-08-15,2023,8,11:30:00,176.64,2023-08-15,15:45:00,175.96,0.68,0.00385,0.00077,17,255.0,20.0
LONG_EMA_CROSS,2023-08-21,2023,8,15:15:00,174.23,2023-08-21,15:45:00,174.29,0.06,0.000344,7.3e-05,2,30.0,21.21
SHORT_EMA_CROSS,2023-08-24,2023,8,15:00:00,175.58,2023-08-24,15:45:00,174.82,0.76,0.004329,0.000918,3,45.0,21.21
LONG_EMA_CROSS,2023-08-28,2023,8,09:45:00,177.76,2023-08-28,15:45:00,178.67,0.91,0.005119,0.001065,24,360.0,20.8
SHORT_EMA_CROSS,2023-09-06,2023,9,10:45:00,182.43,2023-09-06,15:45:00,181.34,1.09,0.005975,0.001483,20,300.0,24.82
LONG_EMA_CROSS,2023-09-18,2023,9,11:00:00,176.08,2023-09-18,15:45:00,176.45,0.37,0.002101,0.000429,19,285.0,20.4
SHORT_EMA_CROSS,2023-09-20,2023,9,15:15:00,175.22,2023-09-20,15:45:00,173.98,1.24,0.007077,0.001444,2,30.0,20.4
LONG_EMA_CROSS,2023-09-25,2023,9,13:45:00,174.76,2023-09-25,15:00:00,173.77,-0.99,-0.005665,-0.001133,5,75.0,20.0
SHORT_EMA_CROSS,2023-09-25,2023,9,15:00:00,173.77,2023-09-25,15:45:00,174.58,-0.81,-0.004661,-0.000932,3,45.0,20.0
LONG_EMA_CROSS,2023-09-29,2023,9,12:15:00,170.33,2023-09-29,13:15:00,169.76,-0.57,-0.003346,-0.000696,4,60.0,20.8
SHORT_EMA_CROSS,2023-09-29,2023,9,13:15:00,169.76,2023-09-29,15:45:00,169.75,0.01,5.9e-05,1.5e-05,10,150.0,24.82
LONG_EMA_CROSS,2023-10-02,2023,10,10:00:00,171.8,2023-10-02,15:45:00,172.26,0.46,0.002678,0.000686,23,345.0,25.63
SHORT_EMA_CROSS,2023-10-03,2023,10,15:15:00,170.41,2023-10-03,15:45:00,170.98,-0.57,-0.003345,-0.00079,2,30.0,23.62
LONG_EMA_CROSS,2023-10-04,2023,10,10:15:00,170.89,2023-10-04,15:45:00,172.17,1.28,0.00749,0.00198,22,330.0,26.43
SHORT_EMA_CROSS,2023-10-13,2023,10,13:45:00,177.3,2023-10-13,15:45:00,177.34,-0.04,-0.000226,-5.1e-05,8,120.0,22.41
LONG_EMA_CROSS,2023-10-30,2023,10,12:30:00,167.73,2023-10-30,15:45:00,168.77,1.04,0.0062,0.001265,13,195.0,20.4
SHORT_EMA_CROSS,2023-11-24,2023,11,11:00:00,188.16,2023-11-24,12:45:00,188.6,-0.44,-0.002338,-0.000477,7,105.0,20.4
LONG_EMA_CROSS,2023-11-29,2023,11,10:00:00,189.51,2023-11-29,12:45:00,188.32,-1.19,-0.006279,-0.001407,11,165.0,22.41
SHORT_EMA_CROSS,2023-11-29,2023,11,12:45:00,188.32,2023-11-29,15:45:00,187.97,0.35,0.001859,0.000372,12,180.0,20.0
LONG_EMA_CROSS,2023-12-01,2023,12,11:30:00,189.75,2023-12-01,15:45:00,189.87,0.12,0.000632,0.000157,17,255.0,24.82
SHORT_EMA_CROSS,2023-12-04,2023,12,11:15:00,186.6,2023-12-04,15:45:00,188.07,-1.47,-0.007878,-0.002209,18,270.0,28.04
LONG_EMA_CROSS,2023-12-05,2023,12,10:15:00,192.17,2023-12-05,15:45:00,192.09,-0.08,-0.000416,-0.000177,22,330.0,42.51
SHORT_EMA_CROSS,2023-12-11,2023,12,11:15:00,190.4,2023-12-11,15:45:00,191.78,-1.38,-0.007248,-0.001508,18,270.0,20.8
LONG_EMA_CROSS,2023-12-12,2023,12,14:45:00,192.83,2023-12-12,15:45:00,193.26,0.43,0.00223,0.000482,4,60.0,21.61
SHORT_EMA_CROSS,2023-12-18,2023,12,10:30:00,193.5,2023-12-18,15:45:00,194.43,-0.93,-0.004806,-0.001058,21,315.0,22.01
LONG_EMA_CROSS,2023-12-20,2023,12,10:00:00,195.93,2023-12-20,15:45:00,193.43,-2.5,-0.01276,-0.002757,23,345.0,21.61
SHORT_EMA_CROSS,2023-12-21,2023,12,09:30:00,195.33,2023-12-21,15:45:00,193.27,2.06,0.010546,0.002449,25,375.0,23.22
LONG_EMA_CROSS,2023-12-28,2023,12,11:15:00,192.64,2023-12-28,15:45:00,192.17,-0.47,-0.00244,-0.000498,18,270.0,20.4
SHORT_EMA_CROSS,2023-12-29,2023,12,11:15:00,190.56,2023-12-29,15:45:00,191.12,-0.56,-0.002939,-0.000588,18,270.0,20.0
LONG_EMA_CROSS,2024-01-08,2024,1,13:15:00,182.78,2024-01-08,15:45:00,184.2,1.42,0.007769,0.001648,10,150.0,21.21
SHORT_EMA_CROSS,2024-01-16,2024,1,10:15:00,181.43,2024-01-16,15:45:00,182.28,-0.85,-0.004685,-0.001125,22,330.0,24.02
LONG_EMA_CROSS,2024-01-18,2024,1,10:30:00,186.17,2024-01-18,15:45:00,187.36,1.19,0.006392,0.001741,21,315.0,27.24
SHORT_EMA_CROSS,2024-01-26,2024,1,09:45:00,193.23,2024-01-26,15:45:00,191.01,2.22,0.011489,0.00239,24,360.0,20.8
LONG_EMA_CROSS,2024-02-05,2024,2,11:15:00,185.9,2024-02-05,15:45:00,186.31,0.41,0.002205,0.00045,18,270.0,20.4
SHORT_EMA_CROSS,2024-02-08,2024,2,13:45:00,186.78,2024-02-08,15:45:00,186.97,-0.19,-0.001017,-0.000208,8,120.0,20.4
LONG_EMA_CROSS,2024-02-09,2024,2,10:45:00,187.55,2024-02-09,15:45:00,187.7,0.15,0.0008,0.000163,20,300.0,20.4
SHORT_EMA_CROSS,2024-02-12,2024,2,11:00:00,186.71,2024-02-12,15:45:00,186.06,0.65,0.003481,0.000766,19,285.0,22.01
LONG_EMA_CROSS,2024-02-22,2024,2,10:30:00,182.07,2024-02-22,15:45:00,183.26,1.19,0.006536,0.001386,21,315.0,21.21
SHORT_EMA_CROSS,2024-02-26,2024,2,09:45:00,180.42,2024-02-26,15:45:00,180.05,0.37,0.002051,0.000443,24,360.0,21.61
LONG_EMA_CROSS,2024-03-08,2024,3,12:15:00,171.68,2024-03-08,15:45:00,169.72,-1.96,-0.011417,-0.002375,14,210.0,20.8
SHORT_EMA_CROSS,2024-03-13,2024,3,11:30:00,169.96,2024-03-13,15:45:00,170.14,-0.18,-0.001059,-0.00022,17,255.0,20.8
LONG_EMA_CROSS,2024-03-14,2024,3,10:45:00,172.79,2024-03-14,15:45:00,172.04,-0.75,-0.004341,-0.000885,20,300.0,20.4
SHORT_EMA_CROSS,2024-03-15,2024,3,10:45:00,169.68,2024-03-15,15:45:00,171.53,-1.85,-0.010903,-0.002312,20,300.0,21.21
LONG_EMA_CROSS,2024-03-18,2024,3,10:00:00,176.09,2024-03-18,15:45:00,172.66,-3.43,-0.019479,-0.005148,23,345.0,26.43
SHORT_EMA_CROSS,2024-03-21,2024,3,11:45:00,170.95,2024-03-21,15:45:00,170.37,0.58,0.003393,0.000706,16,240.0,20.8
LONG_EMA_CROSS,2024-03-27,2024,3,11:45:00,171.03,2024-03-27,15:45:00,172.37,1.34,0.007835,0.001567,16,240.0,20.0
SHORT_EMA_CROSS,2024-03-28,2024,3,11:45:00,170.08,2024-03-28,15:45:00,170.47,-0.39,-0.002293,-0.000468,16,240.0,20.4
SHORT_EMA_CROSS,2024-04-01,2024,4,09:45:00,169.11,2024-04-01,15:45:00,168.99,0.12,0.00071,0.000173,24,360.0,24.42
LONG_EMA_CROSS,2024-04-03,2024,4,14:00:00,169.14,2024-04-03,15:45:00,168.64,-0.5,-0.002956,-0.000627,7,105.0,21.21
SHORT_EMA_CROSS,2024-04-05,2024,4,09:45:00,168.51,2024-04-05,15:45:00,168.55,-0.04,-0.000237,-6.1e-05,24,360.0,25.63
LONG_EMA_CROSS,2024-04-11,2024,4,12:15:00,168.89,2024-04-11,15:45:00,173.99,5.1,0.030197,0.007981,14,210.0,26.43
SHORT_EMA_CROSS,2024-04-16,2024,4,10:30:00,169.33,2024-04-16,15:45:00,168.32,1.01,0.005965,0.001217,21,315.0,20.4
LONG_EMA_CROSS,2024-04-23,2024,4,14:15:00,165.84,2024-04-23,15:45:00,165.91,0.07,0.000422,8.4e-05,6,90.0,20.0
SHORT_EMA_CROSS,2024-05-01,2024,5,10:30:00,169.93,2024-05-01,15:45:00,168.27,1.66,0.009769,0.002032,21,315.0,20.8
LONG_EMA_CROSS,2024-05-02,2024,5,14:15:00,171.84,2024-05-02,15:45:00,172.05,0.21,0.001222,0.000249,6,90.0,20.4
SHORT_EMA_CROSS,2024-05-22,2024,5,15:00:00,189.91,2024-05-22,15:45:00,190.09,-0.18,-0.000948,-0.00019,3,45.0,20.0
LONG_EMA_CROSS,2024-05-28,2024,5,09:45:00,190.16,2024-05-28,15:45:00,189.22,-0.94,-0.004943,-0.001028,24,360.0,20.8
SHORT_EMA_CROSS,2024-05-31,2024,5,12:30:00,189.18,2024-05-31,15:45:00,191.57,-2.39,-0.012633,-0.00268,13,195.0,21.21
LONG_EMA_CROSS,2024-06-03,2024,6,09:45:00,193.23,2024-06-03,15:45:00,193.18,-0.05,-0.000259,-5.9e-05,24,360.0,22.81
SHORT_EMA_CROSS,2024-06-10,2024,6,14:15:00,192.29,2024-06-10,15:45:00,192.23,0.06,0.000312,6.4e-05,6,90.0,20.4
LONG_EMA_CROSS,2024-06-11,2024,6,10:15:00,199.98,2024-06-11,15:45:00,206.18,6.2,0.031003,0.006201,22,330.0,20.0
SHORT_EMA_CROSS,2024-06-18,2024,6,15:00:00,213.43,2024-06-18,15:45:00,213.38,0.05,0.000234,4.8e-05,3,45.0,20.4
SHORT_EMA_CROSS,2024-06-20,2024,6,09:45:00,211.84,2024-06-20,15:45:00,208.72,3.12,0.014728,0.003479,24,360.0,23.62
LONG_EMA_CROSS,2024-06-26,2024,6,10:30:00,211.75,2024-06-26,15:45:00,212.11,0.36,0.0017,0.000402,21,315.0,23.62
SHORT_EMA_CROSS,2024-07-11,2024,7,14:00:00,226.04,2024-07-11,15:45:00,226.5,-0.46,-0.002035,-0.000415,7,105.0,20.4
LONG_EMA_CROSS,2024-07-12,2024,7,10:15:00,229.81,2024-07-12,15:45:00,229.5,-0.31,-0.001349,-0.00027,22,330.0,20.0
SHORT_EMA_CROSS,2024-07-17,2024,7,10:15:00,226.76,2024-07-17,15:45:00,227.81,-1.05,-0.00463,-0.000945,22,330.0,20.4
LONG_EMA_CROSS,2024-07-31,2024,7,10:00:00,221.31,2024-07-31,15:45:00,220.96,-0.35,-0.001581,-0.000348,23,345.0,22.01
SHORT_EMA_CROSS,2024-08-01,2024,8,13:45:00,217.61,2024-08-01,15:45:00,217.29,0.32,0.001471,0.000312,8,120.0,21.21
LONG_EMA_CROSS,2024-08-02,2024,8,10:45:00,221.37,2024-08-02,15:45:00,218.78,-2.59,-0.0117,-0.00234,20,300.0,20.0
SHORT_EMA_CROSS,2024-08-05,2024,8,10:00:00,208.81,2024-08-05,15:45:00,208.22,0.59,0.002826,0.00094,23,345.0,33.27
LONG_EMA_CROSS,2024-08-08,2024,8,12:15:00,212.28,2024-08-08,15:45:00,212.35,0.07,0.00033,7.1e-05,14,210.0,21.61
SHORT_EMA_CROSS,2024-08-22,2024,8,14:00:00,223.76,2024-08-22,15:45:00,223.74,0.02,8.9e-05,1.9e-05,7,105.0,20.8
LONG_EMA_CROSS,2024-08-23,2024,8,10:45:00,225.45,2024-08-23,12:15:00,224.33,-1.12,-0.004968,-0.001013,6,90.0,20.4
SHORT_EMA_CROSS,2024-08-23,2024,8,12:15:00,224.33,2024-08-23,14:45:00,225.69,-1.36,-0.006062,-0.001261,10,150.0,20.8
LONG_EMA_CROSS,2024-08-23,2024,8,14:45:00,225.69,2024-08-23,15:45:00,225.97,0.28,0.001241,0.000278,4,60.0,22.41
SHORT_EMA_CROSS,2024-08-26,2024,8,10:45:00,224.03,2024-08-26,15:30:00,225.82,-1.79,-0.00799,-0.001727,19,285.0,21.61
LONG_EMA_CROSS,2024-08-26,2024,8,15:30:00,225.82,2024-08-26,15:45:00,226.46,0.64,0.002834,0.000635,1,15.0,22.41
SHORT_EMA_CROSS,2024-08-30,2024,8,13:45:00,226.96,2024-08-30,15:45:00,228.06,-1.1,-0.004847,-0.00134,8,120.0,27.64
LONG_EMA_CROSS,2024-09-11,2024,9,13:15:00,220.44,2024-09-11,15:45:00,221.77,1.33,0.006033,0.001231,10,150.0,20.4
SHORT_EMA_CROSS,2024-09-16,2024,9,10:00:00,216.4,2024-09-16,15:45:00,215.54,0.86,0.003974,0.000986,23,345.0,24.82
LONG_EMA_CROSS,2024-09-18,2024,9,11:30:00,219.07,2024-09-18,15:45:00,219.92,0.85,0.00388,0.000948,17,255.0,24.42
SHORT_EMA_CROSS,2024-09-23,2024,9,15:45:00,225.66,2024-09-24,15:45:00,226.56,-0.9,-0.003988,-0.00083,26,1440.0,20.8
LONG_EMA_CROSS,2024-09-26,2024,9,12:45:00,226.46,2024-09-26,15:45:00,226.94,0.48,0.00212,0.000424,12,180.0,20.0
SHORT_EMA_CROSS,2024-10-01,2024,10,11:15:00,224.69,2024-10-01,15:45:00,225.47,-0.78,-0.003471,-0.000918,18,270.0,26.43
LONG_EMA_CROSS,2024-10-08,2024,10,15:15:00,224.48,2024-10-08,15:45:00,224.99,0.51,0.002272,0.000454,2,30.0,20.0
SHORT_EMA_CROSS,2024-10-16,2024,10,13:30:00,230.02,2024-10-16,15:45:00,230.94,-0.92,-0.004,-0.000864,9,135.0,21.61
LONG_EMA_CROSS,2024-10-17,2024,10,11:30:00,231.29,2024-10-17,15:45:00,231.44,0.15,0.000649,0.000135,17,255.0,20.8
SHORT_EMA_CROSS,2024-10-23,2024,10,11:30:00,232.62,2024-10-23,15:45:00,229.94,2.68,0.011521,0.00235,17,255.0,20.4
LONG_EMA_CROSS,2024-10-25,2024,10,13:00:00,231.44,2024-10-25,15:45:00,230.59,-0.85,-0.003673,-0.000749,11,165.0,20.4
SHORT_EMA_CROSS,2024-10-30,2024,10,11:15:00,230.75,2024-10-30,15:45:00,229.33,1.42,0.006154,0.001726,18,270.0,28.04
LONG_EMA_CROSS,2024-11-06,2024,11,10:45:00,223.42,2024-11-06,15:45:00,221.93,-1.49,-0.006669,-0.001575,20,300.0,23.62
SHORT_EMA_CROSS,2024-11-11,2024,11,11:00:00,222.45,2024-11-11,15:45:00,223.7,-1.25,-0.005619,-0.001259,19,285.0,22.41
LONG_EMA_CROSS,2024-11-13,2024,11,13:00:00,226.01,2024-11-13,15:45:00,224.53,-1.48,-0.006548,-0.001389,11,165.0,21.21
SHORT_EMA_CROSS,2024-11-15,2024,11,12:45:00,224.19,2024-11-15,15:45:00,224.39,-0.2,-0.000892,-0.000178,12,180.0,20.0
LONG_EMA_CROSS,2024-11-18,2024,11,10:30:00,227.95,2024-11-18,15:45:00,227.44,-0.51,-0.002237,-0.000456,21,315.0,20.4
SHORT_EMA_CROSS,2024-11-20,2024,11,12:00:00,226.65,2024-11-20,15:45:00,228.45,-1.8,-0.007942,-0.00162,15,225.0,20.4
LONG_EMA_CROSS,2024-11-21,2024,11,12:00:00,228.45,2024-11-21,15:45:00,227.96,-0.49,-0.002145,-0.000455,15,225.0,21.21
SHORT_EMA_CROSS,2024-12-13,2024,12,11:45:00,246.13,2024-12-13,15:45:00,247.51,-1.38,-0.005607,-0.001121,16,240.0,20.0
LONG_EMA_CROSS,2024-12-16,2024,12,09:45:00,248.02,2024-12-16,15:45:00,250.44,2.42,0.009757,0.002226,24,360.0,22.81
SHORT_EMA_CROSS,2024-12-19,2024,12,10:00:00,250.16,2024-12-19,15:45:00,249.25,0.91,0.003638,0.000903,23,345.0,24.82
LONG_EMA_CROSS,2024-12-20,2024,12,12:45:00,252.76,2024-12-20,15:45:00,253.98,1.22,0.004827,0.001159,12,180.0,24.02
SHORT_EMA_CROSS,2024-12-27,2024,12,12:30:00,253.46,2024-12-27,15:45:00,255.1,-1.64,-0.00647,-0.001372,13,195.0,21.21
LONG_EMA_CROSS,2025-01-15,2025,1,11:15:00,236.83,2025-01-15,15:45:00,237.3,0.47,0.001985,0.000405,18,270.0,20.4
SHORT_EMA_CROSS,2025-01-16,2025,1,11:00:00,231.35,2025-01-16,15:45:00,227.69,3.66,0.01582,0.003164,19,285.0,20.0
LONG_EMA_CROSS,2025-01-27,2025,1,10:30:00,227.33,2025-01-27,15:45:00,229.38,2.05,0.009018,0.001876,21,315.0,20.8
SHORT_EMA_CROSS,2025-01-31,2025,1,15:00:00,233.24,2025-01-31,15:45:00,235.29,-2.05,-0.008789,-0.001758,3,45.0,20.0
LONG_EMA_CROSS,2025-02-06,2025,2,10:15:00,230.98,2025-02-06,15:45:00,232.66,1.68,0.007273,0.001455,22,330.0,20.0
SHORT_EMA_CROSS,2025-02-07,2025,2,11:15:00,228.49,2025-02-07,15:45:00,227.16,1.33,0.005821,0.001164,18,270.0,20.0
LONG_EMA_CROSS,2025-02-11,2025,2,11:00:00,233.7,2025-02-11,15:45:00,232.47,-1.23,-0.005263,-0.001582,19,285.0,30.05
SHORT_EMA_CROSS,2025-02-26,2025,2,10:15:00,243.19,2025-02-26,15:45:00,240.0,3.19,0.013117,0.002676,22,330.0,20.4
LONG_EMA_CROSS,2025-03-03,2025,3,12:30:00,242.39,2025-03-03,15:45:00,237.84,-4.55,-0.018771,-0.003904,13,195.0,20.8
LONG_EMA_CROSS,2025-03-07,2025,3,11:00:00,238.41,2025-03-07,15:45:00,238.76,0.35,0.001468,0.000323,19,285.0,22.01
SHORT_EMA_CROSS,2025-03-10,2025,3,10:30:00,227.81,2025-03-10,15:45:00,227.25,0.56,0.002458,0.000788,21,315.0,32.06
LONG_EMA_CROSS,2025-03-19,2025,3,10:15:00,216.87,2025-03-19,15:45:00,215.02,-1.85,-0.00853,-0.002117,22,330.0,24.82
SHORT_EMA_CROSS,2025-03-20,2025,3,14:45:00,212.07,2025-03-20,15:45:00,213.87,-1.8,-0.008488,-0.001834,4,60.0,21.61
LONG_EMA_CROSS,2025-03-21,2025,3,14:15:00,214.39,2025-03-21,15:45:00,218.07,3.68,0.017165,0.003433,6,90.0,20.0
SHORT_EMA_CROSS,2025-03-28,2025,3,11:45:00,219.25,2025-03-28,15:45:00,217.56,1.69,0.007708,0.001697,16,240.0,22.01
LONG_EMA_CROSS,2025-04-01,2025,4,10:00:00,221.21,2025-04-01,15:45:00,222.85,1.64,0.007414,0.001691,23,345.0,22.81
SHORT_EMA_CROSS,2025-04-03,2025,4,09:45:00,204.0,2025-04-03,15:45:00,202.79,1.21,0.005931,0.001186,24,360.0,20.0
LONG_EMA_CROSS,2025-04-09,2025,4,15:30:00,196.55,2025-04-09,15:45:00,198.59,2.04,0.010379,0.002619,1,15.0,25.23
SHORT_EMA_CROSS,2025-04-16,2025,4,12:00:00,196.49,2025-04-16,15:45:00,194.05,2.44,0.012418,0.002533,15,225.0,20.4
LONG_EMA_CROSS,2025-04-22,2025,4,11:45:00,199.07,2025-04-22,15:45:00,199.4,0.33,0.001658,0.000332,16,240.0,20.0
SHORT_EMA_CROSS,2025-05-02,2025,5,10:15:00,206.45,2025-05-02,15:45:00,205.03,1.42,0.006878,0.001376,22,330.0,20.0
LONG_EMA_CROSS,2025-05-09,2025,5,10:00:00,199.37,2025-05-09,15:45:00,198.28,-1.09,-0.005467,-0.001137,23,345.0,20.8
SHORT_EMA_CROSS,2025-05-19,2025,5,09:45:00,205.72,2025-05-19,15:45:00,208.76,-3.04,-0.014777,-0.004441,24,360.0,30.05
LONG_EMA_CROSS,2025-05-28,2025,5,09:45:00,200.08,2025-05-28,15:45:00,200.42,0.34,0.001699,0.00034,24,360.0,20.0
SHORT_EMA_CROSS,2025-05-29,2025,5,14:00:00,199.66,2025-05-29,15:45:00,199.94,-0.28,-0.001402,-0.00028,7,105.0,20.0
LONG_EMA_CROSS,2025-06-02,2025,6,10:45:00,201.45,2025-06-02,15:45:00,201.8,0.35,0.001737,0.000389,20,300.0,22.41
SHORT_EMA_CROSS,2025-06-05,2025,6,15:30:00,200.8,2025-06-05,15:45:00,200.55,0.25,0.001245,0.000304,1,15.0,24.42
LONG_EMA_CROSS,2025-06-06,2025,6,10:15:00,203.65,2025-06-06,15:45:00,203.98,0.33,0.00162,0.00037,22,330.0,22.81
SHORT_EMA_CROSS,2025-06-09,2025,6,14:30:00,200.91,2025-06-09,15:45:00,201.45,-0.54,-0.002688,-0.00057,5,75.0,21.21
